,3G CS Call Drop Rate,3G PS Call Setup Success Rate,ALD Maintenance Link Failure,Adjacent Node IP Address Ping Failure,Adjacent Node IP Path Ping Failure,Air Cond. Alarm,Cell Blocked,Cell Outage,Cell PCI Conflict,Cell RX Channel Interference Noise Power Unbalanced,Cell Unavailable,Commercial Power Down (Main Power Down),Core CPU Overload,Data Configuration Exceeding Licensed Limit,E1/T1 Excessive Bit Error Rate,External Clock Reference Problem,GSM Cell out of Service,GTPC Tunnel Path Broken,GTPU Tunnel Path Broken,High Temperature (35Â°),IP PM Activation Failure,KPI Decrease Exceeding Threshold,Local Cell Unusable,NE Is Disconnected,NodeB Unavailable,Parallel Alarm Exceeds the Limit,Path Fault,RF Unit Maintenance Link Failure,RF Unit RX Channel RTWP/RSSI Unbalanced,RF Unit VSWR Threshold Crossed,S1ap Link Down,SCTP Link Fault,SDH/SONET LP Trace Identifier Mismatch,SDH/SONET Tributary Excessive Slip Frames,Statistical Alarm,The Data Transmission Channel Between the Trace Server and the NE Is Disrupted,UMTS Cell MC-HSDPA Function Fault,UMTS Cell Unavailable,User Plane Fault,X2 Interface Fault
3G CS Call Drop Rate,1.0,0.5590916360147129,0.0,0.012753433616742969,0.1173008486175746,0.0,0.0,0.0,0.0,0.0,0.0,0.0,0.0,0.0,0.0,0.0,0.0,0.0,0.0,0.0,0.0,0.0,0.0,0.0,0.013804173354735152,0.0,0.0005125576627370579,0.0,0.0,0.0,0.0,0.00016267312614538402,0.0,0.0,0.008222515480661862,0.0,0.00837413037876836,0.015144732915547597,0.0,0.0
3G PS Call Setup Success Rate,0.5590916360147129,1.0,0.0,0.013805711403895858,0.10396975425330812,0.0,0.0,0.0,0.0,0.0,0.0,0.0,0.0,0.0,0.0,0.0,0.0,0.0,0.0,0.0,0.0,0.0,0.0,0.0,0.015194536106208273,0.0,0.0005952380952380953,0.0,0.0,0.0,0.0,0.00018207146516718817,0.0,0.0,0.009201571935205597,0.0,0.009109023626530032,0.0164591383998855,0.0,0.0
ALD Maintenance Link Failure,0.0,0.0,1.0,0.0,0.0,0.00010994447803859051,0.007582000988956651,0.0,0.004620052406564612,0.00023066277102875595,0.01947188449848024,0.0,0.0,0.0058490808587222005,0.0,0.0021410077673770164,6.687174000267486e-05,0.0,0.0,0.0,0.0003266906239790918,0.0,0.018224699828473412,0.0,0.0,0.0,0.0,0.01685626505023665,0.00013528138528138528,0.010072225224782587,0.0,0.00018561319735259642,0.0,0.0,0.0,0.0,0.0,0.0,0.0001831092572591958,0.00036321878459698575
Adjacent Node IP Address Ping Failure,0.012753433616742969,0.013805711403895858,0.0,1.0,0.0365391490883089,0.0052062313342481235,0.0,0.0,0.0,0.0,0.0,0.012602476888191175,0.0,0.0,0.0,0.001770289005012264,0.07859631657541065,0.0,0.0,0.006859592711682743,0.021645710647779724,0.0,0.0,0.0,0.561547962124331,0.0,0.005117634515601677,0.0038119440914866584,0.001981518902905574,0.0018222566658986658,0.0,0.006357965857943811,0.0,0.0,0.03717638056370361,0.0,0.054369747899159666,0.516234506881606,0.0,0.0
Adjacent Node IP Path Ping Failure,0.1173008486175746,0.10396975425330812,0.0,0.0365391490883089,1.0,0.00011374623215605983,0.0,0.0,0.0,0.0,0.0,0.0007553345502612199,0.0,0.0,0.0,0.00017659375867201492,0.0022354173943415997,0.0,0.0,0.0003356831151393085,0.006936838262139467,0.0,0.0,0.0,0.01863517060367454,0.0,0.0013215859030837004,0.0005158184319119669,4.571637560574198e-05,9.875567845151097e-05,0.0,0.00019673487939812694,0.0,0.0,0.019958941605839418,0.0,0.02560719843041743,0.019059925698594736,0.0,0.0
Air Cond. Alarm,0.0,0.0,0.00010994447803859051,0.0052062313342481235,0.00011374623215605983,1.0,0.00013620266957232362,0.0,0.0,2.7917364600781685e-05,0.0003897116134060795,0.15561997628146002,0.0,0.00011788282447247436,0.016363008375787927,0.004615971260561543,0.023650045480856693,0.0,0.0,0.04142938022446465,0.0,0.0,0.0005183764449743403,0.0,0.001908050154461203,0.0,0.0004645221228661015,0.007263590680676108,0.0031300933471625427,0.0023425196850393702,0.0,0.00018576517600620002,0.01231329300283741,0.03508656873032529,0.006448257930317213,0.0,0.0027573981978433206,0.0020450787572883124,0.00016966406515100103,0.00017020691852085503
Cell Blocked,0.0,0.0,0.007582000988956651,0.0,0.0,0.00013620266957232362,1.0,0.0,0.05003423094477408,6.699718611818304e-05,0.012017227007502084,0.0,0.0,0.10829873158523406,0.0,0.02010596700677911,0.0,0.0,0.0,0.0,0.0006027727546714888,0.0,0.044575009792401095,0.0,0.0,0.0,0.0,0.030039070005764428,0.00010375811907281745,0.001693555575363223,0.0,0.001408316085338034,0.0,0.0,0.0,0.0,0.0,0.0,0.0010421443161448998,0.0026783851944555057
Cell Outage,0.0,0.0,0.0,0.0,0.0,0.0,0.0,1.0,0.0,0.0,0.0,0.0,0.0,0.0,0.0,0.0,0.0,0.0,0.0,0.0,0.0,0.0,0.0,0.46298083551633806,0.0,0.22829154906192928,0.0,0.0,0.0,0.0,0.0,0.0,0.0,0.0,0.0,0.453367145674838,0.0,0.0,0.0,0.0
Cell PCI Conflict,0.0,0.0,0.004620052406564612,0.0,0.0,0.0,0.05003423094477408,0.0,1.0,3.105975897627034e-05,0.008467501490757305,0.0,0.0,0.049019607843137254,0.0,0.02948806066115336,0.0,0.0,0.0,0.0,0.0,0.0,0.015612853070743716,0.0,0.0,0.0,0.0,0.00584124904465553,3.957653111704759e-05,0.002437473505722764,0.0,0.0030973915278773695,0.0,0.0,0.0,0.0,0.0,0.0,0.0015283318557919622,0.006740244507744009
Cell RX Channel Interference Noise Power Unbalanced,0.0,0.0,0.00023066277102875595,0.0,0.0,2.7917364600781685e-05,6.699718611818304e-05,0.0,3.105975897627034e-05,1.0,0.0005997742026531189,0.0,0.0,6.010518407212622e-05,0.0,6.911088842047065e-05,0.0,0.0,0.0,0.0,0.0,0.0,0.00040567951318458417,0.0,0.0,0.0,0.0,0.00046885465505693236,0.0045050884812342,0.001329560563188218,0.0,0.00047529509644146813,0.0,0.0,0.0,0.0,0.0,0.0,0.0005711764421449639,0.0006158053622911046
Cell Unavailable,0.0,0.0,0.01947188449848024,0.0,0.0,0.0003897116134060795,0.012017227007502084,0.0,0.008467501490757305,0.0005997742026531189,1.0,0.0,0.0,0.016956816640289397,0.0,0.004077880445031114,0.0,0.0,0.0,0.0,0.0023677045104770924,0.0,0.1907683024939662,0.0,0.0,0.0,0.0,0.23572759613755717,0.000385579332947754,0.0059720839795375106,0.0,0.0007185257780643982,0.0,0.0,0.0,0.0,0.0,0.0,0.001018218056503365,0.001157652685216522
Commercial Power Down (Main Power Down),0.0,0.0,0.0,0.012602476888191175,0.0007553345502612199,0.15561997628146002,0.0,0.0,0.0,0.0,0.0,1.0,0.0,0.0,0.020212865278685464,0.005696821007547248,0.05529890682888899,0.0,0.0,0.03792450182430536,0.00021070375052675939,0.0,0.0,0.0,0.010818858560794046,0.0,0.004004650561942901,0.008119213822466458,0.004114045158821278,0.0038332143949434193,0.0,0.00022981036015408236,0.017366648945596315,0.02977667493796526,0.0096,0.0,0.004295598940247447,0.011516587677725119,0.0,0.0
Core CPU Overload,0.0,0.0,0.0,0.0,0.0,0.0,0.0,0.0,0.0,0.0,0.0,0.0,1.0,0.0,0.0,0.0,0.0,0.07757363662875474,0.12938128619323377,0.0,0.0,0.0,0.0,0.0,0.0,0.0,0.0,0.0,0.0,0.0,0.11497348021215831,0.0,0.0,0.0,0.0,0.0,0.0,0.0,0.0,0.0
Data Configuration Exceeding Licensed Limit,0.0,0.0,0.0058490808587222005,0.0,0.0,0.00011788282447247436,0.10829873158523406,0.0,0.049019607843137254,6.010518407212622e-05,0.016956816640289397,0.0,0.0,1.0,0.0,0.017430780102357653,0.0,0.0,0.0,0.0,0.0002242152466367713,0.0,0.013916621286379863,0.0,0.0,0.0,0.0,0.011302950173692124,5.8123764869996514e-05,0.00221678959144775,0.0,0.0019129445676424625,0.0,0.0,0.0,0.0,0.0,0.0,0.0008168667631961601,0.0037303863648163677
E1/T1 Excessive Bit Error Rate,0.0,0.0,0.0,0.0,0.0,0.016363008375787927,0.0,0.0,0.0,0.0,0.0,0.020212865278685464,0.0,0.0,1.0,0.0037197631677415095,0.020405086193898577,0.0,0.0,0.017106011758012518,0.0,0.0,0.0,0.0,0.0,0.0,0.00039154267815191856,0.0029643142173070344,0.002804285109044324,0.0015519917227108122,0.0,8.435693443525985e-07,0.015598650927487353,0.04943098242625997,0.013399537477894165,0.0,0.0,0.0,0.0,0.0
External Clock Reference Problem,0.0,0.0,0.0021410077673770164,0.001770289005012264,0.00017659375867201492,0.004615971260561543,0.02010596700677911,0.0,0.02948806066115336,6.911088842047065e-05,0.004077880445031114,0.005696821007547248,0.0,0.017430780102357653,0.0037197631677415095,1.0,0.007250118325373263,0.0,0.0,0.005486321901924926,0.0007376185458377239,0.0,0.006913676420468377,0.0,0.0015438054805094559,0.0,0.001784758165268606,0.007468652216613754,0.0019059636946777607,0.003051210863410209,0.0,0.0022642732741325385,0.0034780052904869207,0.003893745671015931,0.002129358530742614,0.0,0.0015791488547183053,0.0016661112962345886,0.0013486406265035271,0.00441595139269981
GSM Cell out of Service,0.0,0.0,6.687174000267486e-05,0.07859631657541065,0.0022354173943415997,0.023650045480856693,0.0,0.0,0.0,0.0,0.0,0.05529890682888899,0.0,0.0,0.020405086193898577,0.007250118325373263,1.0,0.0,0.0,0.018603975146251953,0.010351142606895453,0.0,0.0,0.0,0.0757532445257561,0.0,0.05013509456619634,0.06397058823529411,0.004774964977013082,0.007586323485905076,0.0,0.001916603272410116,0.03377531499439277,0.028687631636284405,0.03699890611929734,0.0,0.009967135391412101,0.08123907342657342,0.0,0.0
GTPC Tunnel Path Broken,0.0,0.0,0.0,0.0,0.0,0.0,0.0,0.0,0.0,0.0,0.0,0.0,0.07757363662875474,0.0,0.0,0.0,0.0,1.0,0.07933701657458564,0.0,0.0,0.0,0.0,0.0,0.0,0.0,0.0,0.0,0.0,0.0,0.11965440889159033,0.0,0.0,0.0,0.0,0.0,0.0,0.0,0.0,0.0
GTPU Tunnel Path Broken,0.0,0.0,0.0,0.0,0.0,0.0,0.0,0.0,0.0,0.0,0.0,0.0,0.12938128619323377,0.0,0.0,0.0,0.0,0.07933701657458564,1.0,0.0,0.0,0.0,0.0,0.0,0.0,0.0,0.0,0.0,0.0,0.0,0.10672679443818113,0.0,0.0,0.0,0.0,0.0,0.0,0.0,0.0,0.0
High Temperature (35Â°),0.0,0.0,0.0,0.006859592711682743,0.0003356831151393085,0.04142938022446465,0.0,0.0,0.0,0.0,0.0,0.03792450182430536,0.0,0.0,0.017106011758012518,0.005486321901924926,0.018603975146251953,0.0,0.0,1.0,0.00020835503698301907,0.0,0.0,0.0,0.004760204688801619,0.0,0.00019511243353982733,0.006158369422702531,0.0031437753248567835,0.003945832793019766,0.0,0.000137467875266344,0.00795129265300559,0.05508448912845981,0.006359512585608823,0.0,0.005483834114018051,0.005235602094240838,0.0,0.0
IP PM Activation Failure,0.0,0.0,0.0003266906239790918,0.021645710647779724,0.006936838262139467,0.0,0.0006027727546714888,0.0,0.0,0.0,0.0023677045104770924,0.00021070375052675939,0.0,0.0002242152466367713,0.0,0.0007376185458377239,0.010351142606895453,0.0,0.0,0.00020835503698301907,1.0,0.0,0.0009688581314878892,0.0,0.024628014366341714,0.0,0.0,0.0005012531328320802,0.0,7.722604062089736e-05,0.0,0.0002683629013766337,0.0,0.0,0.01250868658790827,0.0,0.006249341712600499,0.024299065420560748,9.186925914449477e-05,4.773976101475636e-05
KPI Decrease Exceeding Threshold,0.0,0.0,0.0,0.0,0.0,0.0,0.0,0.0,0.0,0.0,0.0,0.0,0.0,0.0,0.0,0.0,0.0,0.0,0.0,0.0,0.0,1.0,0.0,0.0,0.0,0.0,0.0,0.0,0.0,0.0,0.0,0.0,0.0,0.0,0.0,0.0,0.0,0.0,0.0,0.0
Local Cell Unusable,0.0,0.0,0.018224699828473412,0.0,0.0,0.0005183764449743403,0.044575009792401095,0.0,0.015612853070743716,0.00040567951318458417,0.1907683024939662,0.0,0.0,0.013916621286379863,0.0,0.006913676420468377,0.0,0.0,0.0,0.0,0.0009688581314878892,0.0,1.0,0.0,0.0,0.0,0.0,0.2689091600152033,8.79855703664599e-05,0.0059560680421213135,0.0,0.0006658680767933962,0.0,0.0,0.0,0.0,0.0,0.0,0.0004803669383580748,0.0009981289043871726
NE Is Disconnected,0.0,0.0,0.0,0.0,0.0,0.0,0.0,0.46298083551633806,0.0,0.0,0.0,0.0,0.0,0.0,0.0,0.0,0.0,0.0,0.0,0.0,0.0,0.0,0.0,1.0,0.0,0.2899802122683936,0.0,0.0,0.0,0.0,0.0,0.0,0.0,0.0,0.0,0.7977548111190307,0.0,0.0,0.0,0.0
NodeB Unavailable,0.013804173354735152,0.015194536106208273,0.0,0.561547962124331,0.01863517060367454,0.001908050154461203,0.0,0.0,0.0,0.0,0.0,0.010818858560794046,0.0,0.0,0.0,0.0015438054805094559,0.0757532445257561,0.0,0.0,0.004760204688801619,0.024628014366341714,0.0,0.0,0.0,1.0,0.0,0.01029266982905218,0.0042396658145769685,0.001557826520438684,0.0014695731557970207,0.0,0.006316929319578656,0.0,0.0,0.032248133610405606,0.0,0.046948356807511735,0.763728323699422,0.0,0.0
Parallel Alarm Exceeds the Limit,0.0,0.0,0.0,0.0,0.0,0.0,0.0,0.22829154906192928,0.0,0.0,0.0,0.0,0.0,0.0,0.0,0.0,0.0,0.0,0.0,0.0,0.0,0.0,0.0,0.2899802122683936,0.0,1.0,0.0,0.0,0.0,0.0,0.0,0.0,0.0,0.0,0.0,0.31799884991374355,0.0,0.0,0.0,0.0
Path Fault,0.0005125576627370579,0.0005952380952380953,0.0,0.005117634515601677,0.0013215859030837004,0.0004645221228661015,0.0,0.0,0.0,0.0,0.0,0.004004650561942901,0.0,0.0,0.00039154267815191856,0.001784758165268606,0.05013509456619634,0.0,0.0,0.00019511243353982733,0.0,0.0,0.0,0.0,0.01029266982905218,0.0,1.0,0.0007095343680709534,0.0008071955719557196,0.0007975872984222727,0.0,0.00018491641862702104,0.00012281994595922377,0.0004328796113703045,0.009284287225290868,0.0,0.001236341764961406,0.008968240908342933,0.0,0.0
RF Unit Maintenance Link Failure,0.0,0.0,0.01685626505023665,0.0038119440914866584,0.0005158184319119669,0.007263590680676108,0.030039070005764428,0.0,0.00584124904465553,0.00046885465505693236,0.23572759613755717,0.008119213822466458,0.0,0.011302950173692124,0.0029643142173070344,0.007468652216613754,0.06397058823529411,0.0,0.0,0.006158369422702531,0.0005012531328320802,0.0,0.2689091600152033,0.0,0.0042396658145769685,0.0,0.0007095343680709534,1.0,0.0011004754884657712,0.01051590868236563,0.0,0.0005721428142834566,0.004494730316181029,0.0037613133252360617,0.006758278891642262,0.0,0.0018722276628838066,0.010829043138647257,0.0005478031550375515,0.0007522686340252523
RF Unit RX Channel RTWP/RSSI Unbalanced,0.0,0.0,0.00013528138528138528,0.001981518902905574,4.571637560574198e-05,0.0031300933471625427,0.00010375811907281745,0.0,3.957653111704759e-05,0.0045050884812342,0.000385579332947754,0.004114045158821278,0.0,5.8123764869996514e-05,0.002804285109044324,0.0019059636946777607,0.004774964977013082,0.0,0.0,0.0031437753248567835,0.0,0.0,8.79855703664599e-05,0.0,0.001557826520438684,0.0,0.0008071955719557196,0.0011004754884657712,1.0,0.003240710613652632,0.0,0.0005627887995155408,0.002245791919596202,0.004803759463928292,0.0021575923031197024,0.0,0.002683014569218778,0.0019348662905558159,0.0004116254796171883,0.0005372850297082602
RF Unit VSWR Threshold Crossed,0.0,0.0,0.010072225224782587,0.0018222566658986658,9.875567845151097e-05,0.0023425196850393702,0.001693555575363223,0.0,0.002437473505722764,0.001329560563188218,0.0059720839795375106,0.0038332143949434193,0.0,0.00221678959144775,0.0015519917227108122,0.003051210863410209,0.007586323485905076,0.0,0.0,0.003945832793019766,7.722604062089736e-05,0.0,0.0059560680421213135,0.0,0.0014695731557970207,0.0,0.0007975872984222727,0.01051590868236563,0.003240710613652632,1.0,0.0,0.001155670462218656,0.0016281965328991475,0.0032035349351008007,0.0016822252760271051,0.0,0.0022042731409317776,0.0022465048310759232,0.0010642260416112383,0.0011242160667829615
S1ap Link Down,0.0,0.0,0.0,0.0,0.0,0.0,0.0,0.0,0.0,0.0,0.0,0.0,0.11497348021215831,0.0,0.0,0.0,0.0,0.11965440889159033,0.10672679443818113,0.0,0.0,0.0,0.0,0.0,0.0,0.0,0.0,0.0,0.0,0.0,1.0,0.0,0.0,0.0,0.0,0.0,0.0,0.0,0.0,0.0
SCTP Link Fault,0.00016267312614538402,0.00018207146516718817,0.00018561319735259642,0.006357965857943811,0.00019673487939812694,0.00018576517600620002,0.001408316085338034,0.0,0.0030973915278773695,0.00047529509644146813,0.0007185257780643982,0.00022981036015408236,0.0,0.0019129445676424625,8.435693443525985e-07,0.0022642732741325385,0.001916603272410116,0.0,0.0,0.000137467875266344,0.0002683629013766337,0.0,0.0006658680767933962,0.0,0.006316929319578656,0.0,0.00018491641862702104,0.0005721428142834566,0.0005627887995155408,0.001155670462218656,0.0,1.0,0.0,3.351596742583126e-06,0.0004353205915956024,0.0,0.0013855524515701957,0.005926412648446832,0.14172311653566275,0.1750518614715228
SDH/SONET LP Trace Identifier Mismatch,0.0,0.0,0.0,0.0,0.0,0.01231329300283741,0.0,0.0,0.0,0.0,0.0,0.017366648945596315,0.0,0.0,0.015598650927487353,0.0034780052904869207,0.03377531499439277,0.0,0.0,0.00795129265300559,0.0,0.0,0.0,0.0,0.0,0.0,0.00012281994595922377,0.004494730316181029,0.002245791919596202,0.0016281965328991475,0.0,0.0,1.0,0.011883862255232951,0.012225179927043282,0.0,0.0,0.0,0.0,0.0
SDH/SONET Tributary Excessive Slip Frames,0.0,0.0,0.0,0.0,0.0,0.03508656873032529,0.0,0.0,0.0,0.0,0.0,0.02977667493796526,0.0,0.0,0.04943098242625997,0.003893745671015931,0.028687631636284405,0.0,0.0,0.05508448912845981,0.0,0.0,0.0,0.0,0.0,0.0,0.0004328796113703045,0.0037613133252360617,0.004803759463928292,0.0032035349351008007,0.0,3.351596742583126e-06,0.011883862255232951,1.0,0.00640969356396523,0.0,0.0,0.0,0.0,0.0
Statistical Alarm,0.008222515480661862,0.009201571935205597,0.0,0.03717638056370361,0.019958941605839418,0.006448257930317213,0.0,0.0,0.0,0.0,0.0,0.0096,0.0,0.0,0.013399537477894165,0.002129358530742614,0.03699890611929734,0.0,0.0,0.006359512585608823,0.01250868658790827,0.0,0.0,0.0,0.032248133610405606,0.0,0.009284287225290868,0.006758278891642262,0.0021575923031197024,0.0016822252760271051,0.0,0.0004353205915956024,0.012225179927043282,0.00640969356396523,1.0,0.0,0.03306397089597888,0.03578113750899928,0.0,0.0
The Data Transmission Channel Between the Trace Server and the NE Is Disrupted,0.0,0.0,0.0,0.0,0.0,0.0,0.0,0.453367145674838,0.0,0.0,0.0,0.0,0.0,0.0,0.0,0.0,0.0,0.0,0.0,0.0,0.0,0.0,0.0,0.7977548111190307,0.0,0.31799884991374355,0.0,0.0,0.0,0.0,0.0,0.0,0.0,0.0,0.0,1.0,0.0,0.0,0.0,0.0
UMTS Cell MC-HSDPA Function Fault,0.00837413037876836,0.009109023626530032,0.0,0.054369747899159666,0.02560719843041743,0.0027573981978433206,0.0,0.0,0.0,0.0,0.0,0.004295598940247447,0.0,0.0,0.0,0.0015791488547183053,0.009967135391412101,0.0,0.0,0.005483834114018051,0.006249341712600499,0.0,0.0,0.0,0.046948356807511735,0.0,0.001236341764961406,0.0018722276628838066,0.002683014569218778,0.0022042731409317776,0.0,0.0013855524515701957,0.0,0.0,0.03306397089597888,0.0,1.0,0.052595950082411115,0.0,0.0
UMTS Cell Unavailable,0.015144732915547597,0.0164591383998855,0.0,0.516234506881606,0.019059925698594736,0.0020450787572883124,0.0,0.0,0.0,0.0,0.0,0.011516587677725119,0.0,0.0,0.0,0.0016661112962345886,0.08123907342657342,0.0,0.0,0.005235602094240838,0.024299065420560748,0.0,0.0,0.0,0.763728323699422,0.0,0.008968240908342933,0.010829043138647257,0.0019348662905558159,0.0022465048310759232,0.0,0.005926412648446832,0.0,0.0,0.03578113750899928,0.0,0.052595950082411115,1.0,0.0,0.0
User Plane Fault,0.0,0.0,0.0001831092572591958,0.0,0.0,0.00016966406515100103,0.0010421443161448998,0.0,0.0015283318557919622,0.0005711764421449639,0.001018218056503365,0.0,0.0,0.0008168667631961601,0.0,0.0013486406265035271,0.0,0.0,0.0,0.0,9.186925914449477e-05,0.0,0.0004803669383580748,0.0,0.0,0.0,0.0,0.0005478031550375515,0.0004116254796171883,0.0010642260416112383,0.0,0.14172311653566275,0.0,0.0,0.0,0.0,0.0,0.0,1.0,0.18581964305270715
X2 Interface Fault,0.0,0.0,0.00036321878459698575,0.0,0.0,0.00017020691852085503,0.0026783851944555057,0.0,0.006740244507744009,0.0006158053622911046,0.001157652685216522,0.0,0.0,0.0037303863648163677,0.0,0.00441595139269981,0.0,0.0,0.0,0.0,4.773976101475636e-05,0.0,0.0009981289043871726,0.0,0.0,0.0,0.0,0.0007522686340252523,0.0005372850297082602,0.0011242160667829615,0.0,0.1750518614715228,0.0,0.0,0.0,0.0,0.0,0.0,0.18581964305270715,1.0
