alarm,hs_category,frequency,precursor_score,jaccard_score,lift_score,pagerank_score,composite_score
Adjacent Node IP Address Ping Failure,3G cell down,0.276,0.9780141843971631,0.7039104675992284,0.0,0.8810943172338047,0.6641519148637817
SCTP Link Fault,3G cell down,0.2822,1.0,0.21943065592543798,0.0,0.36779268983394287,0.4990550346601791
Adjacent Node IP Address Ping Failure,LOSS-OF-ALL CHANNEL,0.0752,0.2659574468085106,0.7039104675992284,0.0,0.8810943172338047,0.37932921982832063
The Data Transmission Channel Between the Trace Server and the NE Is Disrupted,Pas De Supervision,0.065,0.22978723404255316,1.0,0.0,0.48300512618433683,0.3643656625446718
Adjacent Node IP Address Ping Failure,2G cell down,0.05,0.17659574468085107,0.7039104675992284,0.0,0.8810943172338047,0.3435845389772568
Cell Outage,Pas De Supervision,0.0586,0.20709219858156028,0.5803548020812349,0.0,0.3485758253119927,0.25119421364567
3G PS Call Setup Success Rate,3G cell down,0.0182,0.06382978723404255,0.7008314186541365,0.0,0.46575929741329053,0.2355620932364379
3G CS Call Drop Rate,3G cell down,0.014,0.04893617021276595,0.7008314186541365,0.0,0.47642247791830994,0.23120412350368014
RF Unit Maintenance Link Failure,4G cell down,0.047,0.16595744680851063,0.33708246727838304,0.0,0.6382414366526031,0.22953568767697133
SCTP Link Fault,LOSS-OF-ALL CHANNEL,0.084,0.29716312056737587,0.21943065592543798,0.0,0.36779268983394287,0.2179202828871294
3G PS Call Setup Success Rate,LOSS-OF-ALL CHANNEL,0.005,0.01702127659574468,0.7008314186541365,0.0,0.46575929741329053,0.21683868898111874
3G CS Call Drop Rate,LOSS-OF-ALL CHANNEL,0.0032,0.010638297872340425,0.7008314186541365,0.0,0.47642247791830994,0.21588497456750994
SCTP Link Fault,2G cell down,0.0712,0.25177304964539005,0.21943065592543798,0.0,0.36779268983394287,0.19976425451833504
Local Cell Unusable,4G cell down,0.0334,0.1177304964539007,0.33708246727838304,0.0,0.5418557441327415,0.19578705365714813
RF Unit Maintenance Link Failure,2G cell down,0.0208,0.07304964539007092,0.33708246727838304,0.0,0.6382414366526031,0.19237256710959544
UMTS Cell MC-HSDPA Function Fault,3G cell down,0.098,0.3468085106382978,0.06815345660265437,0.0,0.14671582551479068,0.1743614694030686
Commercial Power Down (Main Power Down),2G cell down,0.0472,0.16666666666666666,0.1950724384390336,0.0,0.4563918504385876,0.17413993192026153
RF Unit Maintenance Link Failure,3G cell down,0.0044,0.014893617021276596,0.33708246727838304,0.0,0.6382414366526031,0.16911015576207772
RF Unit Maintenance Link Failure,LOSS-OF-ALL CHANNEL,0.0024,0.00780141843971631,0.33708246727838304,0.0,0.6382414366526031,0.1662732763294536
Parallel Alarm Exceeds the Limit,Pas De Supervision,0.0344,0.12127659574468085,0.39861727623764315,0.0,0.2525551307483811,0.16611736315765813
Local Cell Unusable,2G cell down,0.002,0.006382978723404254,0.33708246727838304,0.0,0.5418557441327415,0.15124804656494956
X2 Interface Fault,4G cell down,0.0222,0.07801418439716312,0.23292826375067952,0.0,0.4219794424753945,0.14108824288031033
GTPC Tunnel Path Broken,LOSS-OF-ALL CHANNEL,0.0412,0.1453900709219858,0.149988953026492,0.0,0.34216418841326485,0.13947844723608246
SCTP Link Fault,4G cell down,0.0256,0.09007092198581561,0.21943065592543798,0.0,0.36779268983394287,0.13508340345450526
User Plane Fault,4G cell down,0.0198,0.06950354609929078,0.23292826375067952,0.0,0.38088532846965073,0.13151987046029984
Commercial Power Down (Main Power Down),LOSS-OF-ALL CHANNEL,0.017,0.059574468085106386,0.1950724384390336,0.0,0.4563918504385876,0.1313030524876374
Air Cond. Alarm,2G cell down,0.0222,0.07801418439716312,0.1950724384390336,0.0,0.39168901140113643,0.12897351315684244
GTPU Tunnel Path Broken,LOSS-OF-ALL CHANNEL,0.0258,0.09078014184397162,0.162181768621047,0.0,0.39210009801688145,0.12756342516433028
Commercial Power Down (Main Power Down),3G cell down,0.0126,0.04397163120567375,0.1950724384390336,0.0,0.4563918504385876,0.12506191773586436
Core CPU Overload,LOSS-OF-ALL CHANNEL,0.0192,0.06737588652482268,0.162181768621047,0.0,0.40042930782418723,0.11945110450776655
X2 Interface Fault,2G cell down,0.0012,0.003546099290780141,0.23292826375067952,0.0,0.4219794424753945,0.11130100883775713
Air Cond. Alarm,LOSS-OF-ALL CHANNEL,0.0058,0.019858156028368792,0.1950724384390336,0.0,0.39168901140113643,0.10571110180932469
User Plane Fault,2G cell down,0.0016,0.004964539007092198,0.23292826375067952,0.0,0.38088532846965073,0.10570426762342039
Cell Blocked,4G cell down,0.003,0.009929078014184396,0.1357544073389174,0.0,0.4720915439722606,0.10193624426929633
Air Cond. Alarm,3G cell down,0.0026,0.008510638297872339,0.1950724384390336,0.0,0.39168901140113643,0.10117209471712613
Air Cond. Alarm,4G cell down,0.001,0.0028368794326241132,0.1950724384390336,0.0,0.39168901140113643,0.09890259117102683
ESL Link Fault,2G cell down,0.0694,0.24539007092198578,0.0,0.0,0.0,0.09815602836879432
Cell Blocked,2G cell down,0.0002,0.0,0.1357544073389174,0.0,0.4720915439722606,0.09796461306362257
SDH/SONET Tributary Excessive Slip Frames,2G cell down,0.0204,0.07163120567375887,0.06904939758519463,0.0,0.32381071977606496,0.09103396975295222
Adjacent Node IP Path Ping Failure,3G cell down,0.0202,0.07092198581560283,0.14703872290413864,0.0,0.19628433072721693,0.0872191885161514
Data Configuration Exceeding Licensed Limit,4G cell down,0.0056,0.019148936170212766,0.1357544073389174,0.0,0.30944878897602746,0.08122777428227271
E1/T1 Alarm Indication Signal,2G cell down,0.0564,0.19929078014184395,0.0,0.0,0.0,0.07971631205673758
Statistical Alarm,3G cell down,0.029,0.10212765957446808,0.04660126149732066,0.0,0.13371053407423092,0.070227896240386
High Temperature (35Â°),2G cell down,0.017,0.059574468085106386,0.06904939758519463,0.0,0.21290235010939607,0.06957501926749088
SDH/SONET Tributary Excessive Slip Frames,LOSS-OF-ALL CHANNEL,0.0052,0.017730496453900707,0.06904939758519463,0.0,0.32381071977606496,0.06947368606500895
UMTS Cell MC-HSDPA Function Fault,LOSS-OF-ALL CHANNEL,0.0238,0.08368794326241134,0.06815345660265437,0.0,0.14671582551479068,0.06911324245271401
Base Station DC Power Supply Abnormal,2G cell down,0.0472,0.16666666666666666,0.0,0.0,0.0,0.06666666666666667
Adjacent Node IP Path Ping Failure,2G cell down,0.0056,0.019148936170212766,0.14703872290413864,0.0,0.19628433072721693,0.06650996865799537
Task execution failure alarm,Pas De Supervision,0.047,0.16595744680851063,0.0,0.0,0.0,0.06638297872340425
Adjacent Node IP Path Ping Failure,LOSS-OF-ALL CHANNEL,0.0048,0.016312056737588652,0.14703872290413864,0.0,0.19628433072721693,0.06537521688494573
UMTS Cell MC-HSDPA Function Fault,2G cell down,0.0196,0.06879432624113474,0.06815345660265437,0.0,0.14671582551479068,0.06315579564420337
E1/T1 Excessive Bit Error Rate,2G cell down,0.0194,0.06808510638297872,0.061962625279466284,0.0,0.13614045090984614,0.06004763524556167
High Temperature (35Â°),LOSS-OF-ALL CHANNEL,0.0082,0.028368794326241134,0.06904939758519463,0.0,0.21290235010939607,0.05709274976394479
Cell PCI Conflict,4G cell down,0.002,0.006382978723404254,0.06271880814430907,0.0,0.27864664155933067,0.056893949352123115
Statistical Alarm,2G cell down,0.0186,0.06524822695035461,0.04660126149732066,0.0,0.13371053407423092,0.05547612319074062
High Temperature (35Â°),3G cell down,0.0054,0.018439716312056736,0.06904939758519463,0.0,0.21290235010939607,0.05312111855827103
SDH/SONET TU Alarm Indication Signal,2G cell down,0.034,0.1198581560283688,0.0,0.0,0.0,0.047943262411347526
SDH/SONET Tributary Alarm Indication Signal,2G cell down,0.032,0.1127659574468085,0.0,0.0,0.0,0.04510638297872341
Statistical Alarm,LOSS-OF-ALL CHANNEL,0.011,0.038297872340425525,0.04660126149732066,0.0,0.13371053407423092,0.044695981346768984
External Clock Reference Problem,2G cell down,0.0148,0.05177304964539007,0.03696381425740279,0.0,0.10430207577727571,0.04374729407622795
Path Fault,2G cell down,0.015,0.05248226950354609,0.06284524250736959,0.0,0.055620641607401856,0.04190505254400263
E1/T1 Excessive Bit Error Rate,LOSS-OF-ALL CHANNEL,0.0054,0.018439716312056736,0.061962625279466284,0.0,0.13614045090984614,0.040189479217192875
Path Fault,3G cell down,0.0136,0.04751773049645389,0.06284524250736959,0.0,0.055620641607401856,0.03991923694116575
IP PM Activation Failure,3G cell down,0.0184,0.06453900709219858,0.030871658839381196,0.0,0.042995478924154465,0.038439256443378846
ESL Link Fault,LOSS-OF-ALL CHANNEL,0.0236,0.08297872340425531,0.0,0.0,0.0,0.033191489361702124
Path Fault,LOSS-OF-ALL CHANNEL,0.0078,0.026950354609929075,0.06284524250736959,0.0,0.055620641607401856,0.031692286586555825
External Clock Reference Problem,3G cell down,0.0062,0.02127659574468085,0.03696381425740279,0.0,0.10430207577727571,0.03154871251594425
SDH/SONET LP Trace Identifier Mismatch,2G cell down,0.012,0.04184397163120567,0.04233796465234126,0.0,0.037470851640657075,0.030825809329049082
External Clock Reference Problem,LOSS-OF-ALL CHANNEL,0.005,0.01702127659574468,0.03696381425740279,0.0,0.10430207577727571,0.02984658485636979
UMTS Cell Max DL Power Mismatch,3G cell down,0.0206,0.07234042553191489,0.0,0.0,0.0,0.028936170212765955
DC Output Overvoltage/Under Voltage Alarm,2G cell down,0.0198,0.06950354609929078,0.0,0.0,0.0,0.027801418439716313
RF Unit RX Channel RTWP/RSSI Unbalanced,2G cell down,0.0188,0.06595744680851064,0.006021598863427531,0.0,0.0,0.027587298496089763
External Clock Reference Problem,4G cell down,0.0034,0.011347517730496451,0.03696381425740279,0.0,0.10430207577727571,0.027577081310270497
Radio Signaling Link Disconnected,2G cell down,0.0196,0.06879432624113474,0.0,0.0,0.0,0.027517730496453896
RF Unit DC Input Power Failure,4G cell down,0.0186,0.06524822695035461,0.0,0.0,0.0,0.026099290780141844
Base Station DC Power Supply Abnormal,LOSS-OF-ALL CHANNEL,0.018,0.06312056737588652,0.0,0.0,0.0,0.02524822695035461
BBU CPRI Interface Error,4G cell down,0.0174,0.06099290780141843,0.0,0.0,0.0,0.024397163120567375
E1/T1 Alarm Indication Signal,LOSS-OF-ALL CHANNEL,0.0158,0.05531914893617021,0.0,0.0,0.0,0.022127659574468085
Rectifier Fault,2G cell down,0.0156,0.05460992907801417,0.0,0.0,0.0,0.02184397163120567
Door Open,2G cell down,0.0148,0.05177304964539007,0.0,0.0,0.0,0.02070921985815603
RF Unit VSWR Threshold Crossed,2G cell down,0.012,0.04184397163120567,0.013181880617698403,0.0,0.0,0.019373964776021952
SDH/SONET LP Trace Identifier Mismatch,LOSS-OF-ALL CHANNEL,0.0032,0.010638297872340425,0.04233796465234126,0.0,0.037470851640657075,0.018343539825502984
eNodeB S1 Control Plane Transmission Interruption,4G cell down,0.0126,0.04397163120567375,0.0,0.0,0.0,0.017588652482269502
3G Silent Ratio,3G cell down,0.0124,0.043262411347517724,0.0,0.0,0.0,0.01730496453900709
RF Unit External Power Supply Insufficient,4G cell down,0.0122,0.0425531914893617,0.0,0.0,0.0,0.01702127659574468
RF Unit RX Channel RTWP/RSSI Unbalanced,3G cell down,0.0112,0.039007092198581554,0.006021598863427531,0.0,0.0,0.016807156652118127
RF Unit External Power Supply Insufficient,2G cell down,0.012,0.04184397163120567,0.0,0.0,0.0,0.01673758865248227
IP PM Activation Failure,LOSS-OF-ALL CHANNEL,0.0026,0.008510638297872339,0.030871658839381196,0.0,0.042995478924154465,0.016027908925648343
IP PM Activation Failure,2G cell down,0.0024,0.00780141843971631,0.030871658839381196,0.0,0.042995478924154465,0.015744220982385933
Board Temperature Unacceptable,4G cell down,0.0112,0.039007092198581554,0.0,0.0,0.0,0.015602836879432622
Board Powered Off,4G cell down,0.0112,0.039007092198581554,0.0,0.0,0.0,0.015602836879432622
ESL Link Fault,3G cell down,0.0112,0.039007092198581554,0.0,0.0,0.0,0.015602836879432622
IP PM Activation Failure,4G cell down,0.0018,0.005673758865248226,0.030871658839381196,0.0,0.042995478924154465,0.014893157152598698
SDH/SONET TU Alarm Indication Signal,LOSS-OF-ALL CHANNEL,0.0106,0.03687943262411347,0.0,0.0,0.0,0.01475177304964539
SDH/SONET Tributary Excessive Bit Error Rate,2G cell down,0.0094,0.032624113475177303,0.0,0.0,0.0,0.013049645390070922
Base Station DC Power Supply Abnormal,3G cell down,0.0094,0.032624113475177303,0.0,0.0,0.0,0.013049645390070922
ALD Maintenance Link Failure,4G cell down,0.0056,0.019148936170212766,0.02440835733872479,0.0,0.0,0.012541245935830066
Rectifier Fault Alarm,2G cell down,0.008,0.027659574468085105,0.0,0.0,0.0,0.011063829787234043
DC Output Overvoltage/Under Voltage Alarm,LOSS-OF-ALL CHANNEL,0.008,0.027659574468085105,0.0,0.0,0.0,0.011063829787234043
KPI Exceed Threshold,3G cell down,0.0078,0.026950354609929075,0.0,0.0,0.0,0.01078014184397163
RF Unit RX Channel RTWP/RSSI Unbalanced,LOSS-OF-ALL CHANNEL,0.0068,0.023404255319148935,0.006021598863427531,0.0,0.0,0.010566021900345082
Burglar Alarm,2G cell down,0.0072,0.02482269503546099,0.0,0.0,0.0,0.009929078014184398
Battery Status (Battery Deep Discharge),2G cell down,0.007,0.024113475177304965,0.0,0.0,0.0,0.009645390070921987
SDH/SONET Tributary Alarm Indication Signal,LOSS-OF-ALL CHANNEL,0.007,0.024113475177304965,0.0,0.0,0.0,0.009645390070921987
3G Cell Unavailability,3G cell down,0.0066,0.022695035460992906,0.0,0.0,0.0,0.009078014184397163
Radio Signaling Link Disconnected,LOSS-OF-ALL CHANNEL,0.0064,0.02198581560283688,0.0,0.0,0.0,0.008794326241134753
Insufficient Transmission Resources,2G cell down,0.0062,0.02127659574468085,0.0,0.0,0.0,0.00851063829787234
RF Unit VSWR Threshold Crossed,4G cell down,0.0042,0.014184397163120567,0.013181880617698403,0.0,0.0,0.008310134988787908
RF Unit DC Input Power Failure,2G cell down,0.006,0.02056737588652482,0.0,0.0,0.0,0.008226950354609928
Very High Temperature (40Â°),2G cell down,0.006,0.02056737588652482,0.0,0.0,0.0,0.008226950354609928
The Number of Login Attempts Reaches the Maximum,Pas De Supervision,0.0058,0.019858156028368792,0.0,0.0,0.0,0.007943262411347516
E1/T1 Remote Alarm Indication Signal,2G cell down,0.0056,0.019148936170212766,0.0,0.0,0.0,0.007659574468085107
Radio Signaling Link Disconnected,3G cell down,0.0056,0.019148936170212766,0.0,0.0,0.0,0.007659574468085107
GSM KPI Exceed Threshold,3G cell down,0.0056,0.019148936170212766,0.0,0.0,0.0,0.007659574468085107
RF Unit VSWR Threshold Crossed,3G cell down,0.0034,0.011347517730496451,0.013181880617698403,0.0,0.0,0.007175383215738261
RF Unit VSWR Threshold Crossed,LOSS-OF-ALL CHANNEL,0.0034,0.011347517730496451,0.013181880617698403,0.0,0.0,0.007175383215738261
GSM KPI Exceed Threshold,2G cell down,0.0052,0.017730496453900707,0.0,0.0,0.0,0.0070921985815602835
Radio Link Failure,2G cell down,0.0052,0.017730496453900707,0.0,0.0,0.0,0.0070921985815602835
Rectifier Fault,LOSS-OF-ALL CHANNEL,0.0052,0.017730496453900707,0.0,0.0,0.0,0.0070921985815602835
Rectifier Fault Alarm,3G cell down,0.005,0.01702127659574468,0.0,0.0,0.0,0.006808510638297873
UMTS Cell Max DL Power Mismatch,LOSS-OF-ALL CHANNEL,0.0048,0.016312056737588652,0.0,0.0,0.0,0.006524822695035461
Inter-Board Service Link Failure,2G cell down,0.0048,0.016312056737588652,0.0,0.0,0.0,0.006524822695035461
BSS Internal Voice Channel Abnormal,3G cell down,0.0048,0.016312056737588652,0.0,0.0,0.0,0.006524822695035461
M3UA Destination Entity Route Unavailable,3G cell down,0.0048,0.016312056737588652,0.0,0.0,0.0,0.006524822695035461
RAB abnormal release,3G cell down,0.0048,0.016312056737588652,0.0,0.0,0.0,0.006524822695035461
SCCP Subsystem Prohibited,3G cell down,0.0048,0.016312056737588652,0.0,0.0,0.0,0.006524822695035461
Door Open,LOSS-OF-ALL CHANNEL,0.0048,0.016312056737588652,0.0,0.0,0.0,0.006524822695035461
M3UA Destination Entity Inaccessible,3G cell down,0.0048,0.016312056737588652,0.0,0.0,0.0,0.006524822695035461
Cell PS Service Faulty,2G cell down,0.0044,0.014893617021276596,0.0,0.0,0.0,0.005957446808510639
M3UA Destination Entity Inaccessible,2G cell down,0.0044,0.014893617021276596,0.0,0.0,0.0,0.005957446808510639
BSS Internal Voice Channel Abnormal,2G cell down,0.0044,0.014893617021276596,0.0,0.0,0.0,0.005957446808510639
M3UA Destination Entity Route Unavailable,2G cell down,0.0044,0.014893617021276596,0.0,0.0,0.0,0.005957446808510639
SCCP Subsystem Prohibited,2G cell down,0.0044,0.014893617021276596,0.0,0.0,0.0,0.005957446808510639
SCTP Link IP Address Unreachable,2G cell down,0.0042,0.014184397163120567,0.0,0.0,0.0,0.005673758865248227
Door Status Alarm (PS),2G cell down,0.0042,0.014184397163120567,0.0,0.0,0.0,0.005673758865248227
SCTP IP Pair Unreach,2G cell down,0.0042,0.014184397163120567,0.0,0.0,0.0,0.005673758865248227
IP Connectivity Check Failure,2G cell down,0.0042,0.014184397163120567,0.0,0.0,0.0,0.005673758865248227
NSVL Dynamic Configuration Procedure Failure,2G cell down,0.0042,0.014184397163120567,0.0,0.0,0.0,0.005673758865248227
UMTS Cell Max DL Power Mismatch,2G cell down,0.004,0.013475177304964538,0.0,0.0,0.0,0.005390070921985815
BBU CPRI Optical Module or Electrical Port Not Ready,4G cell down,0.004,0.013475177304964538,0.0,0.0,0.0,0.005390070921985815
Battery Status (Battery Deep Discharge),LOSS-OF-ALL CHANNEL,0.004,0.013475177304964538,0.0,0.0,0.0,0.005390070921985815
SCTP IP Pair Unreach,3G cell down,0.0038,0.012765957446808508,0.0,0.0,0.0,0.005106382978723404
SCTP Link IP Address Unreachable,3G cell down,0.0038,0.012765957446808508,0.0,0.0,0.0,0.005106382978723404
IP Connectivity Check Failure,3G cell down,0.0038,0.012765957446808508,0.0,0.0,0.0,0.005106382978723404
Cell PS Service Faulty,3G cell down,0.0038,0.012765957446808508,0.0,0.0,0.0,0.005106382978723404
E1/T1 Loss of Signal,2G cell down,0.0038,0.012765957446808508,0.0,0.0,0.0,0.005106382978723404
ALD Maintenance Link Failure,2G cell down,0.0002,0.0,0.02440835733872479,0.0,0.0,0.004881671467744958
BBU DC Output Out of Range,4G cell down,0.0036,0.01205673758865248,0.0,0.0,0.0,0.004822695035460993
Radio Link Failure,3G cell down,0.0036,0.01205673758865248,0.0,0.0,0.0,0.004822695035460993
RF Unit Temperature Unacceptable,2G cell down,0.0036,0.01205673758865248,0.0,0.0,0.0,0.004822695035460993
Board Type and Configuration Mismatch,2G cell down,0.0036,0.01205673758865248,0.0,0.0,0.0,0.004822695035460993
Configured Capacity Limit Exceeding Licensed Limit,4G cell down,0.0036,0.01205673758865248,0.0,0.0,0.0,0.004822695035460993
BBU CPRI Interface Error,2G cell down,0.0034,0.011347517730496451,0.0,0.0,0.0,0.004539007092198581
Overvoltage Protection,2G cell down,0.0034,0.011347517730496451,0.0,0.0,0.0,0.004539007092198581
BBU Board Maintenance Link Failure,4G cell down,0.0034,0.011347517730496451,0.0,0.0,0.0,0.004539007092198581
Inter-System Cabinet Configuration Conflict,2G cell down,0.0034,0.011347517730496451,0.0,0.0,0.0,0.004539007092198581
RF Unit External Power Supply Insufficient,3G cell down,0.0032,0.010638297872340425,0.0,0.0,0.0,0.00425531914893617
GE Working,2G cell down,0.0032,0.010638297872340425,0.0,0.0,0.0,0.00425531914893617
RF Unit External Power Supply Insufficient,LOSS-OF-ALL CHANNEL,0.0032,0.010638297872340425,0.0,0.0,0.0,0.00425531914893617
Door Open,3G cell down,0.0032,0.010638297872340425,0.0,0.0,0.0,0.00425531914893617
DC Output Overvoltage/Under Voltage Alarm,3G cell down,0.0032,0.010638297872340425,0.0,0.0,0.0,0.00425531914893617
3G Silent Ratio,LOSS-OF-ALL CHANNEL,0.003,0.009929078014184396,0.0,0.0,0.0,0.003971631205673758
SCCP Subsystem Prohibited,LOSS-OF-ALL CHANNEL,0.003,0.009929078014184396,0.0,0.0,0.0,0.003971631205673758
Fire Alarm,2G cell down,0.003,0.009929078014184396,0.0,0.0,0.0,0.003971631205673758
RAT Conflict between separate-MPT Boards,2G cell down,0.003,0.009929078014184396,0.0,0.0,0.0,0.003971631205673758
BBU Fan Stalled,2G cell down,0.003,0.009929078014184396,0.0,0.0,0.0,0.003971631205673758
Alarm indicating that the Trace Server is disconnected from the SAU data channel,Pas De Supervision,0.003,0.009929078014184396,0.0,0.0,0.0,0.003971631205673758
M3UA Destination Entity Inaccessible,LOSS-OF-ALL CHANNEL,0.003,0.009929078014184396,0.0,0.0,0.0,0.003971631205673758
E1/T1 Loss of Frame Alignment,2G cell down,0.003,0.009929078014184396,0.0,0.0,0.0,0.003971631205673758
Certificate Has Expired,Pas De Supervision,0.0028,0.009219858156028368,0.0,0.0,0.0,0.0036879432624113474
GSM KPI Exceed Threshold,LOSS-OF-ALL CHANNEL,0.0028,0.009219858156028368,0.0,0.0,0.0,0.0036879432624113474
temperature haute salle batterie,3G cell down,0.0028,0.009219858156028368,0.0,0.0,0.0,0.0036879432624113474
Configuration Data Inconsistency,4G cell down,0.0028,0.009219858156028368,0.0,0.0,0.0,0.0036879432624113474
Subrack Type and Configuration Mismatch,2G cell down,0.0026,0.008510638297872339,0.0,0.0,0.0,0.0034042553191489357
RF Unit Clock Problem,4G cell down,0.0026,0.008510638297872339,0.0,0.0,0.0,0.0034042553191489357
Insufficient Free Space of the Performance Database,Pas De Supervision,0.0026,0.008510638297872339,0.0,0.0,0.0,0.0034042553191489357
3G CS Call Setup Success Rate,3G cell down,0.0026,0.008510638297872339,0.0,0.0,0.0,0.0034042553191489357
Very High Temperature (40Â°),LOSS-OF-ALL CHANNEL,0.0024,0.00780141843971631,0.0,0.0,0.0,0.0031205673758865245
SDH/SONET Tributary Remote Alarm Indication Signal,2G cell down,0.0024,0.00780141843971631,0.0,0.0,0.0,0.0031205673758865245
Smoke Alarm,2G cell down,0.0024,0.00780141843971631,0.0,0.0,0.0,0.0031205673758865245
RF Unit ALD Current Out of Range,4G cell down,0.0024,0.00780141843971631,0.0,0.0,0.0,0.0031205673758865245
Board Not In Position,4G cell down,0.0024,0.00780141843971631,0.0,0.0,0.0,0.0031205673758865245
RF Unit DC Input Power Failure,3G cell down,0.0024,0.00780141843971631,0.0,0.0,0.0,0.0031205673758865245
Rectifier Fault,3G cell down,0.0024,0.00780141843971631,0.0,0.0,0.0,0.0031205673758865245
3G CS Call Setup Success Rate,LOSS-OF-ALL CHANNEL,0.0022,0.0070921985815602835,0.0,0.0,0.0,0.0028368794326241137
KPI Exceed Threshold,LOSS-OF-ALL CHANNEL,0.0022,0.0070921985815602835,0.0,0.0,0.0,0.0028368794326241137
The User in the SMManagers Group Changes a User's Password,Pas De Supervision,0.0022,0.0070921985815602835,0.0,0.0,0.0,0.0028368794326241137
Monitoring Device Maintenance Link Failure,2G cell down,0.0022,0.0070921985815602835,0.0,0.0,0.0,0.0028368794326241137
SDH/SONET Tributary Excessive Bit Error Rate,LOSS-OF-ALL CHANNEL,0.0022,0.0070921985815602835,0.0,0.0,0.0,0.0028368794326241137
BBU Board Maintenance Link Failure,2G cell down,0.0022,0.0070921985815602835,0.0,0.0,0.0,0.0028368794326241137
Clock Signal Outputs to the Backplane Faulty,2G cell down,0.0022,0.0070921985815602835,0.0,0.0,0.0,0.0028368794326241137
SDH/SONET RS Trace Identifier Mismatch,2G cell down,0.0022,0.0070921985815602835,0.0,0.0,0.0,0.0028368794326241137
Rectifier Fault Alarm,LOSS-OF-ALL CHANNEL,0.0022,0.0070921985815602835,0.0,0.0,0.0,0.0028368794326241137
Overvoltage Protection,3G cell down,0.002,0.006382978723404254,0.0,0.0,0.0,0.002553191489361702
SDH/SONET HP Trace Identifier Mismatch,2G cell down,0.002,0.006382978723404254,0.0,0.0,0.0,0.002553191489361702
Users Having Not Logged In for an Excessively Long Time,Pas De Supervision,0.002,0.006382978723404254,0.0,0.0,0.0,0.002553191489361702
Inter-Board Service Link Failure,4G cell down,0.002,0.006382978723404254,0.0,0.0,0.0,0.002553191489361702
KPI Exceed Threshold,2G cell down,0.002,0.006382978723404254,0.0,0.0,0.0,0.002553191489361702
BSS Internal Voice Channel Abnormal,LOSS-OF-ALL CHANNEL,0.0018,0.005673758865248226,0.0,0.0,0.0,0.0022695035460992903
SCTP IP Pair Unreach,LOSS-OF-ALL CHANNEL,0.0018,0.005673758865248226,0.0,0.0,0.0,0.0022695035460992903
System Clock Reference Source Unavailable,3G cell down,0.0018,0.005673758865248226,0.0,0.0,0.0,0.0022695035460992903
SCTP Link IP Address Unreachable,LOSS-OF-ALL CHANNEL,0.0018,0.005673758865248226,0.0,0.0,0.0,0.0022695035460992903
Cell PS Service Faulty,LOSS-OF-ALL CHANNEL,0.0018,0.005673758865248226,0.0,0.0,0.0,0.0022695035460992903
UMTS Cell Blocked,3G cell down,0.0018,0.005673758865248226,0.0,0.0,0.0,0.0022695035460992903
Ambient Humidity Abnormal,2G cell down,0.0018,0.005673758865248226,0.0,0.0,0.0,0.0022695035460992903
Monitoring Device Maintenance Link Failure,4G cell down,0.0018,0.005673758865248226,0.0,0.0,0.0,0.0022695035460992903
Sensor Failure,2G cell down,0.0018,0.005673758865248226,0.0,0.0,0.0,0.0022695035460992903
M3UA Destination Entity Route Unavailable,LOSS-OF-ALL CHANNEL,0.0018,0.005673758865248226,0.0,0.0,0.0,0.0022695035460992903
IP Connectivity Check Failure,LOSS-OF-ALL CHANNEL,0.0018,0.005673758865248226,0.0,0.0,0.0,0.0022695035460992903
Door status alarm PS,4G cell down,0.0016,0.004964539007092198,0.0,0.0,0.0,0.001985815602836879
Board Hardware Fault,4G cell down,0.0016,0.004964539007092198,0.0,0.0,0.0,0.001985815602836879
GNSS Antenna Fault,4G cell down,0.0016,0.004964539007092198,0.0,0.0,0.0,0.001985815602836879
Commercial power down,4G cell down,0.0016,0.004964539007092198,0.0,0.0,0.0,0.001985815602836879
Cabinet Air Inlet Temperature Unacceptable,2G cell down,0.0016,0.004964539007092198,0.0,0.0,0.0,0.001985815602836879
Monitoring Device Maintenance Link Failure,LOSS-OF-ALL CHANNEL,0.0016,0.004964539007092198,0.0,0.0,0.0,0.001985815602836879
Path Configuration Error,2G cell down,0.0016,0.004964539007092198,0.0,0.0,0.0,0.001985815602836879
BBU DC Output Out of Range,2G cell down,0.0016,0.004964539007092198,0.0,0.0,0.0,0.001985815602836879
Inter-System RF Unit Parameter Settings Conflict,2G cell down,0.0016,0.004964539007092198,0.0,0.0,0.0,0.001985815602836879
eNodeB ID Repetition,LOSS-OF-ALL CHANNEL,0.0016,0.004964539007092198,0.0,0.0,0.0,0.001985815602836879
RRU Cascading Levels and Configuration Mismatch,4G cell down,0.0014,0.004255319148936169,0.0,0.0,0.0,0.0017021276595744679
Logical Object Binding Error,2G cell down,0.0014,0.004255319148936169,0.0,0.0,0.0,0.0017021276595744679
Overvoltage Protection,LOSS-OF-ALL CHANNEL,0.0014,0.004255319148936169,0.0,0.0,0.0,0.0017021276595744679
E1/T1 Loss of Frame Alignment,LOSS-OF-ALL CHANNEL,0.0014,0.004255319148936169,0.0,0.0,0.0,0.0017021276595744679
Transmission Resource Pool Ping Packet Loss,3G cell down,0.0014,0.004255319148936169,0.0,0.0,0.0,0.0017021276595744679
M3UA Signaling Link Failed,LOSS-OF-ALL CHANNEL,0.0014,0.004255319148936169,0.0,0.0,0.0,0.0017021276595744679
RF Unit CPRI Interface Error,4G cell down,0.0014,0.004255319148936169,0.0,0.0,0.0,0.0017021276595744679
Burglar Alarm,3G cell down,0.0014,0.004255319148936169,0.0,0.0,0.0,0.0017021276595744679
Board Temperature Unacceptable,2G cell down,0.0014,0.004255319148936169,0.0,0.0,0.0,0.0017021276595744679
RF Unit Runtime Topology Error,4G cell down,0.0014,0.004255319148936169,0.0,0.0,0.0,0.0017021276595744679
SCTP Link Congestion,2G cell down,0.0014,0.004255319148936169,0.0,0.0,0.0,0.0017021276595744679
TCU Fault Alarm Port (HAU/fan/TEC fault),2G cell down,0.0014,0.004255319148936169,0.0,0.0,0.0,0.0017021276595744679
Door Status alarm (PS),4G cell down,0.0014,0.004255319148936169,0.0,0.0,0.0,0.0017021276595744679
Burglar Alarm,4G cell down,0.0014,0.004255319148936169,0.0,0.0,0.0,0.0017021276595744679
RF Unit Temperature Unacceptable,4G cell down,0.0014,0.004255319148936169,0.0,0.0,0.0,0.0017021276595744679
BBU Fan Stalled,3G cell down,0.0014,0.004255319148936169,0.0,0.0,0.0,0.0017021276595744679
No License Running in System,4G cell down,0.0014,0.004255319148936169,0.0,0.0,0.0,0.0017021276595744679
Fire Alarm,LOSS-OF-ALL CHANNEL,0.0014,0.004255319148936169,0.0,0.0,0.0,0.0017021276595744679
NE Mediation Layer Version Unmatched,Pas De Supervision,0.0014,0.004255319148936169,0.0,0.0,0.0,0.0017021276595744679
RF Unit ALD Current Out of Range,3G cell down,0.0014,0.004255319148936169,0.0,0.0,0.0,0.0017021276595744679
Cabinet Air Inlet Temperature Unacceptable,4G cell down,0.0012,0.003546099290780141,0.0,0.0,0.0,0.0014184397163120564
DC output under voltage alarm,4G cell down,0.0012,0.003546099290780141,0.0,0.0,0.0,0.0014184397163120564
Door Open,4G cell down,0.0012,0.003546099290780141,0.0,0.0,0.0,0.0014184397163120564
Burglar Alarm,LOSS-OF-ALL CHANNEL,0.0012,0.003546099290780141,0.0,0.0,0.0,0.0014184397163120564
RF Unit ALD Switch Configuration Mismatch,4G cell down,0.0012,0.003546099290780141,0.0,0.0,0.0,0.0014184397163120564
Smoke Alarm,LOSS-OF-ALL CHANNEL,0.0012,0.003546099290780141,0.0,0.0,0.0,0.0014184397163120564
Ethernet Link Fault,4G cell down,0.0012,0.003546099290780141,0.0,0.0,0.0,0.0014184397163120564
System Clock Reference Source Unavailable,2G cell down,0.0012,0.003546099290780141,0.0,0.0,0.0,0.0014184397163120564
M3UA Route Unavailable,LOSS-OF-ALL CHANNEL,0.0012,0.003546099290780141,0.0,0.0,0.0,0.0014184397163120564
SCCP DPC Prohibited,LOSS-OF-ALL CHANNEL,0.0012,0.003546099290780141,0.0,0.0,0.0,0.0014184397163120564
E1/T1 Remote Alarm Indication Signal,LOSS-OF-ALL CHANNEL,0.0012,0.003546099290780141,0.0,0.0,0.0,0.0014184397163120564
RF Unit Working Mode and Board Capability Mismatch,4G cell down,0.0012,0.003546099290780141,0.0,0.0,0.0,0.0014184397163120564
Subrack Type and Configuration Mismatch,4G cell down,0.0012,0.003546099290780141,0.0,0.0,0.0,0.0014184397163120564
3G High RTWP,3G cell down,0.0012,0.003546099290780141,0.0,0.0,0.0,0.0014184397163120564
AC Surge Protector Fault,3G cell down,0.0012,0.003546099290780141,0.0,0.0,0.0,0.0014184397163120564
RF Unit RX Channel RTWP/RSSI Unbalanced,4G cell down,0.0002,0.0,0.006021598863427531,0.0,0.0,0.0012043197726855064
Radio Link Failure,LOSS-OF-ALL CHANNEL,0.001,0.0028368794326241132,0.0,0.0,0.0,0.0011347517730496454
GSM Cell Manually Blocked,2G cell down,0.001,0.0028368794326241132,0.0,0.0,0.0,0.0011347517730496454
GE Working,LOSS-OF-ALL CHANNEL,0.001,0.0028368794326241132,0.0,0.0,0.0,0.0011347517730496454
Insufficient Transmission Resources,LOSS-OF-ALL CHANNEL,0.001,0.0028368794326241132,0.0,0.0,0.0,0.0011347517730496454
SCTP Link Congestion,3G cell down,0.001,0.0028368794326241132,0.0,0.0,0.0,0.0011347517730496454
Cell Capability Degraded,4G cell down,0.001,0.0028368794326241132,0.0,0.0,0.0,0.0011347517730496454
LCSAP Link Down,LOSS-OF-ALL CHANNEL,0.001,0.0028368794326241132,0.0,0.0,0.0,0.0011347517730496454
License on Trial,4G cell down,0.001,0.0028368794326241132,0.0,0.0,0.0,0.0011347517730496454
Fan Stalled,2G cell down,0.001,0.0028368794326241132,0.0,0.0,0.0,0.0011347517730496454
Battery Status (Battery Deep Discharge),3G cell down,0.001,0.0028368794326241132,0.0,0.0,0.0,0.0011347517730496454
E-SMLC Inaccessible,LOSS-OF-ALL CHANNEL,0.001,0.0028368794326241132,0.0,0.0,0.0,0.0011347517730496454
System Clock Reference Source Unavailable,LOSS-OF-ALL CHANNEL,0.001,0.0028368794326241132,0.0,0.0,0.0,0.0011347517730496454
BBU CPRI Line Rate Negotiation Abnormal,4G cell down,0.001,0.0028368794326241132,0.0,0.0,0.0,0.0011347517730496454
UMTS Cell Common Channel Setup Failed,3G cell down,0.001,0.0028368794326241132,0.0,0.0,0.0,0.0011347517730496454
Configured Capacity Limit Exceeding Licensed Limit,2G cell down,0.001,0.0028368794326241132,0.0,0.0,0.0,0.0011347517730496454
RF Unit Hardware Fault,4G cell down,0.001,0.0028368794326241132,0.0,0.0,0.0,0.0011347517730496454
Inter-System Board Object Configuration Conflict,2G cell down,0.0008,0.002127659574468085,0.0,0.0,0.0,0.0008510638297872341
IP Packet High Loss Major,3G cell down,0.0008,0.002127659574468085,0.0,0.0,0.0,0.0008510638297872341
AC Surge Protector Fault,LOSS-OF-ALL CHANNEL,0.0008,0.002127659574468085,0.0,0.0,0.0,0.0008510638297872341
RF Unit TX Channel Gain Out of Range,LOSS-OF-ALL CHANNEL,0.0008,0.002127659574468085,0.0,0.0,0.0,0.0008510638297872341
NodeB Audit No Response,3G cell down,0.0008,0.002127659574468085,0.0,0.0,0.0,0.0008510638297872341
Trial Operation of License,3G cell down,0.0008,0.002127659574468085,0.0,0.0,0.0,0.0008510638297872341
BBU Fan Stalled,LOSS-OF-ALL CHANNEL,0.0008,0.002127659574468085,0.0,0.0,0.0,0.0008510638297872341
Rectifier Fault Alarm,4G cell down,0.0008,0.002127659574468085,0.0,0.0,0.0,0.0008510638297872341
Commercial Power Down,4G cell down,0.0008,0.002127659574468085,0.0,0.0,0.0,0.0008510638297872341
RF Unit Temperature Unacceptable,LOSS-OF-ALL CHANNEL,0.0008,0.002127659574468085,0.0,0.0,0.0,0.0008510638297872341
GNSS Locked Satellites Insufficient,4G cell down,0.0008,0.002127659574468085,0.0,0.0,0.0,0.0008510638297872341
LAPD Link Congestion,2G cell down,0.0008,0.002127659574468085,0.0,0.0,0.0,0.0008510638297872341
Mains Input Out of Range,3G cell down,0.0008,0.002127659574468085,0.0,0.0,0.0,0.0008510638297872341
temperature haute salle batterie,LOSS-OF-ALL CHANNEL,0.0008,0.002127659574468085,0.0,0.0,0.0,0.0008510638297872341
RF Unit DC Input Power Failure,LOSS-OF-ALL CHANNEL,0.0008,0.002127659574468085,0.0,0.0,0.0,0.0008510638297872341
3G Cell Unavailability,LOSS-OF-ALL CHANNEL,0.0008,0.002127659574468085,0.0,0.0,0.0,0.0008510638297872341
Board Configuration Error,2G cell down,0.0008,0.002127659574468085,0.0,0.0,0.0,0.0008510638297872341
UMTS Cell HSUPA Function Fault,3G cell down,0.0008,0.002127659574468085,0.0,0.0,0.0,0.0008510638297872341
RAT Conflict between separate-MPT Boards,4G cell down,0.0008,0.002127659574468085,0.0,0.0,0.0,0.0008510638297872341
Board Type and Configuration Mismatch,3G cell down,0.0008,0.002127659574468085,0.0,0.0,0.0,0.0008510638297872341
Carrier Configuration Error,2G cell down,0.0008,0.002127659574468085,0.0,0.0,0.0,0.0008510638297872341
Path Configuration Error,3G cell down,0.0008,0.002127659574468085,0.0,0.0,0.0,0.0008510638297872341
Board Type and Configuration Mismatch,4G cell down,0.0008,0.002127659574468085,0.0,0.0,0.0,0.0008510638297872341
License Data Loss,4G cell down,0.0008,0.002127659574468085,0.0,0.0,0.0,0.0008510638297872341
RF Unit ALD Current Out of Range,2G cell down,0.0008,0.002127659574468085,0.0,0.0,0.0,0.0008510638297872341
Rectifier fault,4G cell down,0.0008,0.002127659574468085,0.0,0.0,0.0,0.0008510638297872341
RF Unit AC Input Power Failure,4G cell down,0.0006,0.0014184397163120564,0.0,0.0,0.0,0.0005673758865248226
Very high temperature,4G cell down,0.0006,0.0014184397163120564,0.0,0.0,0.0,0.0005673758865248226
Battery status(battery deep discharge),4G cell down,0.0006,0.0014184397163120564,0.0,0.0,0.0,0.0005673758865248226
Transmission Optical Interface Error,4G cell down,0.0006,0.0014184397163120564,0.0,0.0,0.0,0.0005673758865248226
Inter-System Cabinet Configuration Conflict,LOSS-OF-ALL CHANNEL,0.0006,0.0014184397163120564,0.0,0.0,0.0,0.0005673758865248226
NSVL Dynamic Configuration Procedure Failure,LOSS-OF-ALL CHANNEL,0.0006,0.0014184397163120564,0.0,0.0,0.0,0.0005673758865248226
Door Status Alarm (PS),3G cell down,0.0006,0.0014184397163120564,0.0,0.0,0.0,0.0005673758865248226
Trial Operation of License,LOSS-OF-ALL CHANNEL,0.0006,0.0014184397163120564,0.0,0.0,0.0,0.0005673758865248226
High temperature,4G cell down,0.0006,0.0014184397163120564,0.0,0.0,0.0,0.0005673758865248226
E1/T1 Loss of Signal,LOSS-OF-ALL CHANNEL,0.0006,0.0014184397163120564,0.0,0.0,0.0,0.0005673758865248226
Overvoltage protection,4G cell down,0.0006,0.0014184397163120564,0.0,0.0,0.0,0.0005673758865248226
Clock Signal Outputs to the Backplane Faulty,LOSS-OF-ALL CHANNEL,0.0006,0.0014184397163120564,0.0,0.0,0.0,0.0005673758865248226
Commercial power down Main power down,4G cell down,0.0006,0.0014184397163120564,0.0,0.0,0.0,0.0005673758865248226
Fan Stalled,3G cell down,0.0006,0.0014184397163120564,0.0,0.0,0.0,0.0005673758865248226
License Data Loss,2G cell down,0.0006,0.0014184397163120564,0.0,0.0,0.0,0.0005673758865248226
SDH/SONET HP Trace Identifier Mismatch,LOSS-OF-ALL CHANNEL,0.0006,0.0014184397163120564,0.0,0.0,0.0,0.0005673758865248226
GSM Local Cell Capability Decline,4G cell down,0.0006,0.0014184397163120564,0.0,0.0,0.0,0.0005673758865248226
RAB abnormal release,LOSS-OF-ALL CHANNEL,0.0006,0.0014184397163120564,0.0,0.0,0.0,0.0005673758865248226
RF Unit TX Channel Gain Out of Range,2G cell down,0.0006,0.0014184397163120564,0.0,0.0,0.0,0.0005673758865248226
Excessive License Usage,Pas De Supervision,0.0006,0.0014184397163120564,0.0,0.0,0.0,0.0005673758865248226
SDH/SONET Tributary Remote Alarm Indication Signal,LOSS-OF-ALL CHANNEL,0.0006,0.0014184397163120564,0.0,0.0,0.0,0.0005673758865248226
Main Power Down,2G cell down,0.0006,0.0014184397163120564,0.0,0.0,0.0,0.0005673758865248226
UMTS Cell Blocked,LOSS-OF-ALL CHANNEL,0.0006,0.0014184397163120564,0.0,0.0,0.0,0.0005673758865248226
Inter-MME Access Flow Control,LOSS-OF-ALL CHANNEL,0.0006,0.0014184397163120564,0.0,0.0,0.0,0.0005673758865248226
BBU DC Output Out of Range,3G cell down,0.0006,0.0014184397163120564,0.0,0.0,0.0,0.0005673758865248226
Board Software Program Error,3G cell down,0.0006,0.0014184397163120564,0.0,0.0,0.0,0.0005673758865248226
Inter-System RF Unit Parameter Settings Conflict,LOSS-OF-ALL CHANNEL,0.0004,0.0007092198581560283,0.0,0.0,0.0,0.00028368794326241134
Licensed Feature Unusable,4G cell down,0.0004,0.0007092198581560283,0.0,0.0,0.0,0.00028368794326241134
RAT Conflict between separate-MPT Boards,LOSS-OF-ALL CHANNEL,0.0004,0.0007092198581560283,0.0,0.0,0.0,0.00028368794326241134
Smoke Alarm,4G cell down,0.0004,0.0007092198581560283,0.0,0.0,0.0,0.00028368794326241134
BBU CPRI Interface Error,LOSS-OF-ALL CHANNEL,0.0004,0.0007092198581560283,0.0,0.0,0.0,0.00028368794326241134
Board Unrecognizable,4G cell down,0.0004,0.0007092198581560283,0.0,0.0,0.0,0.00028368794326241134
Smoke Alarm,3G cell down,0.0004,0.0007092198581560283,0.0,0.0,0.0,0.00028368794326241134
SDH/SONET Tributary Online Loopback Detection,2G cell down,0.0004,0.0007092198581560283,0.0,0.0,0.0,0.00028368794326241134
RAT Conflict between separate-MPT Boards,3G cell down,0.0004,0.0007092198581560283,0.0,0.0,0.0,0.00028368794326241134
SDH/SONET Tributary Loss of Frame,2G cell down,0.0004,0.0007092198581560283,0.0,0.0,0.0,0.00028368794326241134
RF Unit RX Channel RTWP/RSSI Too Low,2G cell down,0.0004,0.0007092198581560283,0.0,0.0,0.0,0.00028368794326241134
Air Cond Alarm,4G cell down,0.0004,0.0007092198581560283,0.0,0.0,0.0,0.00028368794326241134
Fire Alarm,3G cell down,0.0004,0.0007092198581560283,0.0,0.0,0.0,0.00028368794326241134
Transmission Optical Module Not In Position,4G cell down,0.0004,0.0007092198581560283,0.0,0.0,0.0,0.00028368794326241134
Cabinet Air Outlet Temperature Unacceptable,LOSS-OF-ALL CHANNEL,0.0004,0.0007092198581560283,0.0,0.0,0.0,0.00028368794326241134
UMTS Cell Common Channel Setup Failed,2G cell down,0.0004,0.0007092198581560283,0.0,0.0,0.0,0.00028368794326241134
Sensor Failure,3G cell down,0.0004,0.0007092198581560283,0.0,0.0,0.0,0.00028368794326241134
TCU fault alarm port HAU fan TEC fault,4G cell down,0.0004,0.0007092198581560283,0.0,0.0,0.0,0.00028368794326241134
Local Cell Capability Decline,4G cell down,0.0004,0.0007092198581560283,0.0,0.0,0.0,0.00028368794326241134
GSM Local Cell Capability Decline,2G cell down,0.0004,0.0007092198581560283,0.0,0.0,0.0,0.00028368794326241134
Inter-System Cabinet Configuration Conflict,4G cell down,0.0004,0.0007092198581560283,0.0,0.0,0.0,0.00028368794326241134
Carrier Configuration Error,LOSS-OF-ALL CHANNEL,0.0004,0.0007092198581560283,0.0,0.0,0.0,0.00028368794326241134
RF Unit CPRI Interface Error,2G cell down,0.0004,0.0007092198581560283,0.0,0.0,0.0,0.00028368794326241134
Inter-System Site-Level Configuration Conflict,2G cell down,0.0004,0.0007092198581560283,0.0,0.0,0.0,0.00028368794326241134
Board Software Program Error,4G cell down,0.0004,0.0007092198581560283,0.0,0.0,0.0,0.00028368794326241134
Door Status Alarm (PS),LOSS-OF-ALL CHANNEL,0.0004,0.0007092198581560283,0.0,0.0,0.0,0.00028368794326241134
GE working,4G cell down,0.0004,0.0007092198581560283,0.0,0.0,0.0,0.00028368794326241134
Mains Input Out of Range,LOSS-OF-ALL CHANNEL,0.0004,0.0007092198581560283,0.0,0.0,0.0,0.00028368794326241134
UMTS Cell HSDPA Function Fault,3G cell down,0.0004,0.0007092198581560283,0.0,0.0,0.0,0.00028368794326241134
3G DL Packet Loss Rate,3G cell down,0.0004,0.0007092198581560283,0.0,0.0,0.0,0.00028368794326241134
Board Type and Configuration Mismatch,LOSS-OF-ALL CHANNEL,0.0004,0.0007092198581560283,0.0,0.0,0.0,0.00028368794326241134
Cabinet Air Outlet Temperature Unacceptable,3G cell down,0.0004,0.0007092198581560283,0.0,0.0,0.0,0.00028368794326241134
NodeB Audit No Response,LOSS-OF-ALL CHANNEL,0.0004,0.0007092198581560283,0.0,0.0,0.0,0.00028368794326241134
SCTP Link Congestion,LOSS-OF-ALL CHANNEL,0.0004,0.0007092198581560283,0.0,0.0,0.0,0.00028368794326241134
Current System Clock Reference Source Status Abnormal,2G cell down,0.0004,0.0007092198581560283,0.0,0.0,0.0,0.00028368794326241134
SGsAP Destination IP Address Inaccessible,LOSS-OF-ALL CHANNEL,0.0004,0.0007092198581560283,0.0,0.0,0.0,0.00028368794326241134
Failure in Locking System Clock Source,3G cell down,0.0004,0.0007092198581560283,0.0,0.0,0.0,0.00028368794326241134
Monitoring Device Maintenance Link Failure,3G cell down,0.0004,0.0007092198581560283,0.0,0.0,0.0,0.00028368794326241134
RF Unit Baseband Running Error,2G cell down,0.0004,0.0007092198581560283,0.0,0.0,0.0,0.00028368794326241134
Ambient Temperature Unacceptable,4G cell down,0.0004,0.0007092198581560283,0.0,0.0,0.0,0.00028368794326241134
Board Software Program Error,2G cell down,0.0004,0.0007092198581560283,0.0,0.0,0.0,0.00028368794326241134
Ambient Humidity Abnormal,LOSS-OF-ALL CHANNEL,0.0004,0.0007092198581560283,0.0,0.0,0.0,0.00028368794326241134
Number of Resources Used Reaching Alarm Threshold Specified by License,3G cell down,0.0002,0.0,0.0,0.0,0.0,0.0
SDH/SONET Tributary Online Loopback Detection,LOSS-OF-ALL CHANNEL,0.0002,0.0,0.0,0.0,0.0,0.0
Board Software Synchronization Failure,4G cell down,0.0002,0.0,0.0,0.0,0.0,0.0
Synchronization Time Information Resource Unavailable Alarm,2G cell down,0.0002,0.0,0.0,0.0,0.0,0.0
SDH/SONET RS Trace Identifier Mismatch,LOSS-OF-ALL CHANNEL,0.0002,0.0,0.0,0.0,0.0,0.0
BBU CPRI Interface Error,3G cell down,0.0002,0.0,0.0,0.0,0.0,0.0
Power Module and Monitoring Module Communication Failure,2G cell down,0.0002,0.0,0.0,0.0,0.0,0.0
Number of Resources Used Reaching Alarm Threshold Specified by License,LOSS-OF-ALL CHANNEL,0.0002,0.0,0.0,0.0,0.0,0.0
Board Configuration Error,3G cell down,0.0002,0.0,0.0,0.0,0.0,0.0
Inter-System Board Object Configuration Conflict,3G cell down,0.0002,0.0,0.0,0.0,0.0,0.0
RRU Cascading Levels and Configuration Mismatch,3G cell down,0.0002,0.0,0.0,0.0,0.0,0.0
System Dynamic Traffic Exceeding Licensed Limit,4G cell down,0.0002,0.0,0.0,0.0,0.0,0.0
TCU Fault Alarm Port (HAU/fan/TEC fault),LOSS-OF-ALL CHANNEL,0.0002,0.0,0.0,0.0,0.0,0.0
Automatic Version Rollback,2G cell down,0.0002,0.0,0.0,0.0,0.0,0.0
Inter-System Communication Failure,2G cell down,0.0002,0.0,0.0,0.0,0.0,0.0
Transmission Optical Module Fault,4G cell down,0.0002,0.0,0.0,0.0,0.0,0.0
Inter-System RF Unit Parameter Settings Conflict,4G cell down,0.0002,0.0,0.0,0.0,0.0,0.0
Product Data Scheduled Backup Failure,Pas De Supervision,0.0002,0.0,0.0,0.0,0.0,0.0
RRU Cascading Levels and Configuration Mismatch,2G cell down,0.0002,0.0,0.0,0.0,0.0,0.0
Fan Stalled,LOSS-OF-ALL CHANNEL,0.0002,0.0,0.0,0.0,0.0,0.0
BBU Board Maintenance Link Failure,LOSS-OF-ALL CHANNEL,0.0002,0.0,0.0,0.0,0.0,0.0
LAPD Link Congestion,3G cell down,0.0002,0.0,0.0,0.0,0.0,0.0
RF Unit Temperature Unacceptable,3G cell down,0.0002,0.0,0.0,0.0,0.0,0.0
Trial Operation of License,2G cell down,0.0002,0.0,0.0,0.0,0.0,0.0
Insufficient Transmission Resources,3G cell down,0.0002,0.0,0.0,0.0,0.0,0.0
PTP BVC Faulty,2G cell down,0.0002,0.0,0.0,0.0,0.0,0.0
Cabinet Air Inlet Temperature Unacceptable,3G cell down,0.0002,0.0,0.0,0.0,0.0,0.0
Inter-System Board Object Configuration Conflict,4G cell down,0.0002,0.0,0.0,0.0,0.0,0.0
Battery discharge Fault,2G cell down,0.0002,0.0,0.0,0.0,0.0,0.0
S1 Interface Fault,4G cell down,0.0002,0.0,0.0,0.0,0.0,0.0
Board Powered Off,2G cell down,0.0002,0.0,0.0,0.0,0.0,0.0
Air Cond Alarm,LOSS-OF-ALL CHANNEL,0.0002,0.0,0.0,0.0,0.0,0.0
Ethernet Link Fault,LOSS-OF-ALL CHANNEL,0.0002,0.0,0.0,0.0,0.0,0.0
RET Antenna Not Calibrated,4G cell down,0.0002,0.0,0.0,0.0,0.0,0.0
UMTS Cell HSDPA Function Fault,2G cell down,0.0002,0.0,0.0,0.0,0.0,0.0
Board Software Program Error,LOSS-OF-ALL CHANNEL,0.0002,0.0,0.0,0.0,0.0,0.0
Inter-System Site-Level Configuration Conflict,3G cell down,0.0002,0.0,0.0,0.0,0.0,0.0
RF Unit Software Program Error,4G cell down,0.0002,0.0,0.0,0.0,0.0,0.0
Cabinet Air Outlet Temperature Unacceptable,4G cell down,0.0002,0.0,0.0,0.0,0.0,0.0
M3UA Destination IP Address Inaccessible,LOSS-OF-ALL CHANNEL,0.0002,0.0,0.0,0.0,0.0,0.0
gNodeB X2 Interface Fault,4G cell down,0.0002,0.0,0.0,0.0,0.0,0.0
Cabinet Air Outlet Temperature Unacceptable,2G cell down,0.0002,0.0,0.0,0.0,0.0,0.0
IP Route Configuration Inconsistency,2G cell down,0.0002,0.0,0.0,0.0,0.0,0.0
Exceeded Failures of Logins by the Local User,2G cell down,0.0002,0.0,0.0,0.0,0.0,0.0
Board Clock Input Unavailable,4G cell down,0.0002,0.0,0.0,0.0,0.0,0.0
Board Not Securely Installed,4G cell down,0.0002,0.0,0.0,0.0,0.0,0.0
Logical Object Binding Error,LOSS-OF-ALL CHANNEL,0.0002,0.0,0.0,0.0,0.0,0.0
Board Configuration Error,LOSS-OF-ALL CHANNEL,0.0002,0.0,0.0,0.0,0.0,0.0
3G High RTWP,LOSS-OF-ALL CHANNEL,0.0002,0.0,0.0,0.0,0.0,0.0
UMTS Cell Blocked,2G cell down,0.0002,0.0,0.0,0.0,0.0,0.0
E1/T1 Loopback,4G cell down,0.0002,0.0,0.0,0.0,0.0,0.0
Subrack Type and Configuration Mismatch,3G cell down,0.0002,0.0,0.0,0.0,0.0,0.0
License on Trial,2G cell down,0.0002,0.0,0.0,0.0,0.0,0.0
SDH/SONET Tributary Loss of Frame,LOSS-OF-ALL CHANNEL,0.0002,0.0,0.0,0.0,0.0,0.0
TCU fault alarm port HAU fan TEC fault,2G cell down,0.0002,0.0,0.0,0.0,0.0,0.0
Door status alarm PS,2G cell down,0.0002,0.0,0.0,0.0,0.0,0.0
RF Unit Clock Problem,LOSS-OF-ALL CHANNEL,0.0002,0.0,0.0,0.0,0.0,0.0
BBU Fan Stalled,4G cell down,0.0002,0.0,0.0,0.0,0.0,0.0
Carrier Configuration Error,4G cell down,0.0002,0.0,0.0,0.0,0.0,0.0
Board Configuration Inconsistent with Resource Group Configuration,4G cell down,0.0002,0.0,0.0,0.0,0.0,0.0
AC Surge Protector Fault,2G cell down,0.0002,0.0,0.0,0.0,0.0,0.0
Board Not In Position,2G cell down,0.0002,0.0,0.0,0.0,0.0,0.0
climatisation switch off,3G cell down,0.0002,0.0,0.0,0.0,0.0,0.0
Main Power Down,LOSS-OF-ALL CHANNEL,0.0002,0.0,0.0,0.0,0.0,0.0
SCCP DSP Congestion,2G cell down,0.0002,0.0,0.0,0.0,0.0,0.0
eNodeB S1 Control Plane Transmission Interruption,2G cell down,0.0002,0.0,0.0,0.0,0.0,0.0
RF Unit Baseband Running Error,4G cell down,0.0002,0.0,0.0,0.0,0.0,0.0
No License Running in System,2G cell down,0.0002,0.0,0.0,0.0,0.0,0.0
Board Not In Position,LOSS-OF-ALL CHANNEL,0.0002,0.0,0.0,0.0,0.0,0.0
Ethernet Link Fault,2G cell down,0.0002,0.0,0.0,0.0,0.0,0.0
Transmission Optical Module Not In Position,2G cell down,0.0002,0.0,0.0,0.0,0.0,0.0
RRU Network Breakpoint,4G cell down,0.0002,0.0,0.0,0.0,0.0,0.0
BSL Fault,2G cell down,0.0002,0.0,0.0,0.0,0.0,0.0
GSM Cell Manually Blocked,LOSS-OF-ALL CHANNEL,0.0002,0.0,0.0,0.0,0.0,0.0
UMTS Cell Common Channel Setup Failed,LOSS-OF-ALL CHANNEL,0.0002,0.0,0.0,0.0,0.0,0.0
Very High Temperature (40Â°),3G cell down,0.0002,0.0,0.0,0.0,0.0,0.0
BBU CPRI Optical Module or Electrical Port Not Ready,2G cell down,0.0002,0.0,0.0,0.0,0.0,0.0
RF Unit RX Channel RTWP/RSSI Too Low,3G cell down,0.0002,0.0,0.0,0.0,0.0,0.0
Board Temperature Unacceptable,3G cell down,0.0002,0.0,0.0,0.0,0.0,0.0
Subrack Type and Configuration Mismatch,LOSS-OF-ALL CHANNEL,0.0002,0.0,0.0,0.0,0.0,0.0
Current System Clock Reference Source Status Abnormal,LOSS-OF-ALL CHANNEL,0.0002,0.0,0.0,0.0,0.0,0.0
RF Unit Optical Module or Electrical Port Not Ready,2G cell down,0.0002,0.0,0.0,0.0,0.0,0.0
RF Unit Clock Problem,2G cell down,0.0002,0.0,0.0,0.0,0.0,0.0
Fire alarm,4G cell down,0.0002,0.0,0.0,0.0,0.0,0.0
TCU Fault Alarm Port (HAU/fan/TEC fault),3G cell down,0.0002,0.0,0.0,0.0,0.0,0.0
Inter-Board CANBUS Communication Failure,4G cell down,0.0002,0.0,0.0,0.0,0.0,0.0
Sensor Failure,LOSS-OF-ALL CHANNEL,0.0002,0.0,0.0,0.0,0.0,0.0
RF Unit Optical Module or Electrical Port Not Ready,LOSS-OF-ALL CHANNEL,0.0002,0.0,0.0,0.0,0.0,0.0
RF Unit Optical Module Fault,4G cell down,0.0002,0.0,0.0,0.0,0.0,0.0
RF Unit ALD Switch Configuration Mismatch,2G cell down,0.0002,0.0,0.0,0.0,0.0,0.0
Configuration Specification Exceed Limit,2G cell down,0.0002,0.0,0.0,0.0,0.0,0.0
Configuration Data Inconsistency,2G cell down,0.0002,0.0,0.0,0.0,0.0,0.0
M3UA Link Fault,3G cell down,0.0002,0.0,0.0,0.0,0.0,0.0
SDH/SONET LP Remote Defect Indication,LOSS-OF-ALL CHANNEL,0.0002,0.0,0.0,0.0,0.0,0.0
SDH/SONET LP Unequipped Defect,LOSS-OF-ALL CHANNEL,0.0002,0.0,0.0,0.0,0.0,0.0
I layer Memory Usage Exceeds the Threshold,Pas De Supervision,0.0002,0.0,0.0,0.0,0.0,0.0
SDH/SONET Loss of Signal,2G cell down,0.0002,0.0,0.0,0.0,0.0,0.0
Ambient Temperature Abnormal,2G cell down,0.0002,0.0,0.0,0.0,0.0,0.0
Power Module Abnormal,LOSS-OF-ALL CHANNEL,0.0002,0.0,0.0,0.0,0.0,0.0
Transmission Resource Pool Ping Packet Loss,LOSS-OF-ALL CHANNEL,0.0002,0.0,0.0,0.0,0.0,0.0
Very high temperature (40?),2G cell down,0.0002,0.0,0.0,0.0,0.0,0.0
IP Link Performance Measurement Fault,4G cell down,0.0002,0.0,0.0,0.0,0.0,0.0
RF Unit TX Channel Gain Out of Range,4G cell down,0.0002,0.0,0.0,0.0,0.0,0.0
