Alarmname,Weighted_In_Degree,Weighted_Out_Degree,RCF_Score
Board Not Securely Installed,0,5,0.9999980000040001
Very high temperature (40?),0,2,0.9999950000249999
Niveau Gasoil Bas,0,1,0.9999900000999989
MAC Excessive Frame Error Rate,0,1,0.9999900000999989
Cell Reconfiguration Failed,0,1,0.9999900000999989
Board in Wrong Slot,0,1,0.9999900000999989
Cmerciel Power Down,0,1,0.9999900000999989
Power Module Abnormal,0,1,0.9999900000999989
Trial Operation of License,4,18,0.6363633471075695
Invalid Packets Exceeding Alarm,1,3,0.49999875000312505
Exceeded Failures of Logins by the Local User,1,3,0.49999875000312505
gNodeB Out of Service,5,12,0.41176446366796254
License on Trial,27,54,0.33333329218107505
Ambient Temperature Abnormal,2,4,0.33333277777870374
License Control Item Expired,1,2,0.3333322222259259
eNodeB S1 Control Plane Transmission Interruption,211,410,0.3204508805080374
RF Unit Hardware Fault,42,80,0.31147538430529637
RF Unit Power Connector Abnormal,4,7,0.2727270247936138
RF Unit AC Input Power Failure,61,104,0.26060604481175487
Door status alarm PS,52,87,0.251798543036076
License Data Loss,67,112,0.251396634000188
Fire alarm,5,8,0.23076905325457442
Configuration Inconsistency in TAIs on the MME and eNodeB,5,8,0.23076905325457442
Very high temperature,15,23,0.2105262603878262
Commercial power down,34,51,0.199999976470591
TCU fault alarm port HAU fan TEC fault,16,24,0.19999995000001247
Board Input Voltage Out of Range,6,9,0.19999986666675557
gNodeB X2 Interface Fault,2,3,0.19999960000080003
Base Station Frame Number Synchronization Error,2,3,0.19999960000080003
License On Trial,2,3,0.19999960000080003
RF Unit Clock Problem,101,149,0.1919999923200003
DC output under voltage alarm,38,56,0.19148934133092113
Door Status alarm (PS),28,41,0.18840576979626525
Board Clock Input Unavailable,11,16,0.18518511659810497
RF Unit Optical Module Fault,17,24,0.17073166567520348
No License Running in System,45,63,0.16666665123456934
Commercial Power Down,25,35,0.16666663888889352
SDH/SONET Loss of Signal,15,21,0.1666666203703832
System Clock Unlocked,5,7,0.16666652777789354
GE working,5,7,0.16666652777789354
RHUB Unit AC Input Power Failure,34,47,0.16049380734644353
Data Configuration Exceeding Licensed Limit,263,361,0.15705127953443462
BBU Board Maintenance Link Failure,253,347,0.1566666640555556
RF Unit Temperature Unacceptable,470,632,0.14700544331211032
Board Temperature Unacceptable,404,541,0.14497354343943342
Board Blocked,3,4,0.14285693877580175
Battery Deep Discharge,3,4,0.14285693877580175
IP Path Blocked,3,4,0.14285693877580175
M3UA Link Fault,3,4,0.14285693877580175
RF Unit CPRI Interface Error,107,136,0.11934155887483297
Ambient Humidity Abnormal,38,48,0.11627905624662137
NodeB Blocked,4,5,0.11111098765445816
Transmission Optical Module Fault,4,5,0.11111098765445816
Battery discharge Fault,4,5,0.11111098765445816
Burglar Alarm,540,669,0.10669975097849668
Path Configuration Error,105,130,0.10638297419646918
S1 Interface Fault,21,26,0.10638295608873274
Rectifier fault alarm,22,27,0.10204079550187846
Ethernet Link Fault,31,38,0.10144926065952743
Transmission Optical Interface Error,18,22,0.09999997500000624
BBU DC Output Out of Range,236,286,0.09578543877805673
RF Unit Baseband Running Error,44,53,0.09278349558933034
RAB abnormal release,209,251,0.09130434584120987
Transmission Optical Module Not In Position,5,6,0.09090900826453795
GNSS Clock Output Unavailable,5,6,0.09090900826453795
Main Power Down,21,25,0.08695650283554286
3G CS Call Setup Success Rate,174,207,0.08661417095500865
Base Station DC Power Supply Abnormal,2806,3324,0.08450244684420483
BBU CPRI Interface Error,1921,2269,0.08305489240321029
Board Powered Off,492,579,0.08123249223872557
RF Unit Working Mode and Board Capability Mismatch,71,83,0.07792207286220305
Synchronization Time Information Resource Unavailable Alarm,6,7,0.07692301775152481
Abnormal Cabinet Input Voltage,6,7,0.07692301775152481
RAT Conflict between separate-MPT Boards,275,320,0.07563025082974369
Inter-Board Service Link Failure,640,743,0.07447577675722504
Cell PCI Conflict,232,269,0.07385229393508395
Board Unavailable,7,8,0.06666662222225185
SDH/SONET Tributary Alarm Indication Signal,2270,2587,0.06526662535460856
Excessive License Usage,22,25,0.06382977365323965
eNodeB ID Repetition,67,76,0.06293705853587003
Smoke Alarm,115,130,0.0612244872969597
SDH/SONET RS Trace Identifier Mismatch,92,104,0.061224486672220066
NR DU Cell TRP Unavailable,46,52,0.061224483548522085
SDH/SONET TU Alarm Indication Signal,2590,2913,0.05869525702581273
Cabinet Air Outlet Temperature Unacceptable,43,48,0.05494504890713748
Air Cond. Alarm,1530,1707,0.05468025933061396
Board Configuration Inconsistent with Resource Group Configuration,18,20,0.05263156509695655
E1/T1 Loss of Signal,85,94,0.050279326800037605
NodeB Audit No Response,87,96,0.049180325181402994
E1/T1 Alarm Indication Signal,4728,5168,0.04446240900923362
Battery status(battery deep discharge),11,12,0.043478241965981754
Configured Capacity Limit Exceeding Licensed Limit,447,487,0.042826552003998375
GE Working,124,135,0.04247104083123395
RF Unit ALD Current Out of Range,306,333,0.042253520465516115
Rectifier fault,34,37,0.04225351517556124
M3UA Destination Entity Inaccessible,146,158,0.03947368291204991
Commercial power down Main power down,53,57,0.03636363305785154
UMTS Cell HSDPA Function Fault,136,146,0.03546099165031945
RF Unit Maintenance Link Failure,9977,10691,0.03454615829565214
SDH/SONET Tributary Online Loopback Detection,29,31,0.0333333277777787
RF Unit External Power Supply Insufficient,3053,3261,0.03294266703683455
Commercial Power Down (Main Power Down),4775,5096,0.03251950153731182
Door Open,645,688,0.03225806427413305
3G CS Call Drop Rate,1294,1379,0.03179947612495519
RF Unit ALD Switch Configuration Mismatch,144,152,0.027027026113951823
Inter-System Site-Level Configuration Conflict,36,38,0.02702702337472657
BSC Service Object Configuration Incomplete,18,19,0.0270270197224271
DC Output Overvoltage/Under Voltage Alarm,912,960,0.02564102550405435
SDH/SONET LP Unequipped Defect,57,60,0.025641023449485174
Inter-System RF Unit Parameter Settings Conflict,153,161,0.025477706194977513
Certificate Invalid,20,21,0.024390237953600496
BBU CPRI Optical Module Fault,22,23,0.022222217283951712
SCTP Link Fault,62367,65131,0.02167877143000841
E-SMLC Inaccessible,69,72,0.021276594235702537
RF Unit VSWR Threshold Crossed,2290,2386,0.020530367791851224
M3UA Signaling Link Failed,171,178,0.02005730601554997
Rectifier Fault Alarm,382,397,0.01925545546527015
Path Fault,4397,4563,0.018526785693608498
Board Not In Position,135,140,0.018181817520661184
Cabinet Air Inlet Temperature Unacceptable,146,151,0.016835016268181274
SDH/SONET Tributary Loss of Frame,183,189,0.016129031824488393
Adjacent Node IP Address Ping Failure,15696,16185,0.01533828925838641
E1/T1 Loss of Frame Alignment,275,283,0.014336917305790012
E1/T1 Excessive Bit Error Rate,2269,2330,0.013263752960939873
Task execution failure alarm,6747,6927,0.01316366826593267
IP Route Configuration Inconsistency,40,41,0.012345677488187963
RRU Cascading Levels and Configuration Mismatch,122,125,0.012145748496123543
Local Cell Capability Decline,42,43,0.011764704498270058
The Data Transmission Channel Between the Trace Server and the NE Is Disrupted,14465,14793,0.011210609060355934
Number of Resources Used Reaching Alarm Threshold Specified by License,46,47,0.010752687015840106
User Plane Path Fault,48,49,0.010309277287703372
Carrier Configuration Error,498,508,0.009940357754071991
Inter-System Board Object Configuration Conflict,191,194,0.00779220758981279
SCTP Link Congestion,64,65,0.007751937383570745
SDH/SONET Tributary Excessive Bit Error Rate,1240,1259,0.00760304118606226
Sensor Failure,69,70,0.007194244086745029
BSS Internal Voice Channel Abnormal,277,281,0.007168458652895006
The User in the SMManagers Group Changes a User's Password,167,169,0.005952380775226763
Logical Object Binding Error,92,93,0.005405405113221345
E1/T1 Remote Alarm Indication Signal,688,695,0.005061460556316265
SCCP Subsystem Prohibited,333,336,0.004484304865705458
Battery Status (Battery Deep Discharge),589,594,0.0042265426523538235
Fire Alarm,122,123,0.00408163248646398
SDH/SONET LP Remote Defect Indication,129,130,0.003861003711930359
UMTS Cell Unavailable,64402,64818,0.003219315895123099
Overvoltage Protection,155,156,0.0032154339802111264
User Plane Fault,1253,1260,0.0027855153092498394
UMTS Cell Setup Failed,1448,1456,0.0027548209271528205
High Temperature (35Â°),1519,1527,0.0026263952638660693
The Number of Login Attempts Reaches the Maximum,609,612,0.002457002436879587
Radio Signaling Link Disconnected,3148,3159,0.0017440938611953483
Core CPU Overload,17304,17351,0.0013562256524725937
SDH/SONET Tributary Remote Alarm Indication Signal,406,407,0.001230012284993699
X2 Interface Fault,1187,1188,0.00042105262980609415
NSVL Faulty,1,1,0.0
M3UA Route Unavailable,40,40,0.0
3G Low RTWP,5,5,0.0
SDH/SONET Signal Degraded,3,3,0.0
OS Scheduled Backup Failure,1,1,0.0
OSS Fails to Receive SNMP Trap Packets from NEs,2,2,0.0
OSS Key License Beyond Limitation,2,2,0.0
Alarme STULZ salle OMC,1,1,0.0
Board Hardware Fault,78,78,0.0
climatisation switch off,4,4,0.0
Board Frequent Abnormal Reset,2,2,0.0
IP Connectivity Check Failure,1,1,0.0
UMTS Cell Reconfiguration Failed,1,1,0.0
IP Packet High Loss Major,12,12,0.0
Invalid BC,1,1,0.0
No Available NS-VC in NSE,1,1,0.0
License Control Item Is About to Expire,5,5,0.0
TRX Manually Blocked,13,13,0.0
SCCP DSP Congestion,3,3,0.0
System Clock Abnormal,1,1,0.0
RFC RF Port Input Power Out of Range,2,2,0.0
System Clock Failure,1,1,0.0
E1/T1 Excessive Slip Frames,5,5,0.0
OMU Board Fault,4,4,0.0
Active Workspace Version Unavailable,1,1,0.0
PDF Branch Output Switch Off,4,4,0.0
SDH/SONET HP Unequipped,2,2,0.0
Extend Alarm,2,2,0.0
Abis Control Port Fault,1,1,0.0
SDH/SONET TU Multiframe Loss,1,1,0.0
NE License Feature On Trial,2,2,0.0
The Database Usage Is Too High,1,1,0.0
OSS VM Switchover Occurred,1,1,0.0
Product Data Scheduled Backup Failure,8,8,0.0
E1/T1 Loopback,6,6,0.0
Power Module and Monitoring Module Communication Failure,18,18,0.0
Local User Consecutive Login Retries Failed,1,1,0.0
Device Traffic Decrease,1,1,0.0
Overvoltage protection,19,19,0.0
High temperature (35?),5,5,0.0
Transmission Resource Pool Ping Packet Loss,43,43,0.0
Inter-MME Access Flow Control,52,52,0.0
RET Antenna Not Calibrated,4,4,0.0
Mains Input Out of Range,37,37,0.0
LAPD Link Congestion,179,179,0.0
TCU fault alarm port,4,4,0.0
RRU Network Breakpoint,6,6,0.0
Configuration Failure,4,4,0.0
NSVL Dynamic Configuration Procedure Failure,21,21,0.0
The license resource usage reaches or exceeds the threshold 100%,54,54,0.0
The Disk Usage Is Too High,10,10,0.0
Ambient Temperature Unacceptable,25,25,0.0
SAU Board Fault,3,3,0.0
Automatic Version Rollback,2,2,0.0
Annual software service fee is due soon,1,1,0.0
Inter-Board CANBUS Communication Failure,26,26,0.0
Board Uplink Service Processing Channel Abnormal,1,1,0.0
RF Unit Maintenance Link TLS Negotiation Failure,1,1,0.0
SDH/SONET HP Trace Identifier Mismatch,49,49,0.0
BSL Fault,2,2,0.0
Licensed Feature Unusable,13,13,0.0
CN Node Flow Control,2,2,0.0
Board Downlink Service Processing Channel Abnormal,1,1,0.0
RRU Network Topology Type and Configuration Mismatch,57,57,0.0
External Clock Reference Not Configured,5,5,0.0
Inter-System Monitoring Device Parameter Settings Conflict,4,4,0.0
Board BFN Abnormal,3,3,0.0
SDH/SONET MS Remote Defect Indication,1,1,0.0
SGsAP Link Down,1,1,0.0
The Disk Usage Is Too High (Critical),1,1,0.0
Board Temperature Abnormal,2,2,0.0
Cabinet Temperature Abnormal,1,1,0.0
One Input of Fan Box Power Failure,4,4,0.0
Board Unrecognizable,6,6,0.0
SDH/SONET HP Trace Identifier Unstable,1,1,0.0
RHUB CPRI Interface Error,3,3,0.0
SCCP DPC Prohibited,40,40,0.0
SCTP IP Pair Unreach,2,2,0.0
User Password Not Changed for a Long Time,1,1,0.0
SDH/SONET HP Signal Deteriorated,1,1,0.0
NE License Feature Expired,3,3,0.0
temperature haute salle batterie,78,78,0.0
3G High RTWP,92,92,0.0
Parallel Alarm Exceeds the Limit,23555,23552,-6.368480266973383e-05
Cell PS Service Faulty,1909,1908,-0.0002619858520775849
3G Cell Unavailability,2479,2477,-0.0004035512501946101
GTPC Tunnel Path Broken,17184,17166,-0.0005240174670963558
Radio Link Failure,790,789,-0.0006333122189150587
UMTS Cell MC-HSDPA Function Fault,139213,139031,-0.0006541021549196352
S1ap Link Down,20625,20596,-0.000703524902184924
GTPU Tunnel Path Broken,8429,8417,-0.0007123352720453905
Adjacent Node IP Path Ping Failure,3963,3956,-0.0008839499925698321
Statistical Alarm,9016,9000,-0.0008880994666473693
UMTS Cell Blocked,502,501,-0.000997008963140489
IP PM Activation Failure,7462,7427,-0.002350728724326195
GSM KPI Exceed Threshold,579,576,-0.0025974025749142633
Cell Outage,40182,39967,-0.002682503836269635
Certificate Has Expired,286,283,-0.005272407640203733
Cell Blocked,810,801,-0.005586592144093159
GSM Cell out of Service,48471,47925,-0.005664135440717028
Very High Temperature (40Â°),322,318,-0.006249999902343752
UMTS Cell HSUPA Function Fault,237,234,-0.006369426616360369
RF Unit RX Channel RTWP/RSSI Unbalanced,770,760,-0.006535947669699688
External Clock Reference Problem,1379,1361,-0.006569343041717726
UMTS Cell Max DL Power Mismatch,1991,1964,-0.006826801499805811
Local Cell Unusable,8352,8212,-0.008452064713564317
UMTS Cell Common Channel Setup Failed,178,175,-0.008498583328652031
Low SCCP Setup Success Rate,118,116,-0.008547008181751787
Fan Stalled,154,151,-0.00983606525127655
NE Is Disconnected,14277,13996,-0.009938810876122516
ALD Maintenance Link Failure,1877,1838,-0.010497981129211355
Door Status Alarm (PS),183,179,-0.011049723451665099
SDH/SONET LP Trace Identifier Unstable,44,43,-0.011494251552384878
Alarm indicating that the Trace Server is disconnected from the SAU data channel,41,40,-0.012345677488187963
RF Unit Runtime Topology Error,156,152,-0.012987012565356736
Low OS Version,38,37,-0.013333331555555793
LCSAP Link Down,74,72,-0.013698629198724027
SDH/SONET Tributary Excessive Slip Frames,3489,3394,-0.013802121148042829
System Clock Reference Source Unavailable,102,99,-0.014925372391772518
Clock Signal Outputs to the Backplane Faulty,100,97,-0.015228425622922558
BBU Fan Stalled,231,224,-0.015384615046491978
BBU CPRI Optical Module or Electrical Port Not Ready,728,705,-0.01605024413084268
KPI Exceed Threshold,617,596,-0.017312448332131507
PTP BVC Faulty,116,112,-0.017543858879655313
Insufficient Free Space of the Performance Database,83,80,-0.018404906846324735
SCTP Link IP Address Unreachable,55,53,-0.018518516803841038
NE Mediation Layer Version Unmatched,55,53,-0.018518516803841038
Users Having Not Logged In for an Excessively Long Time,144,138,-0.021276594990191668
Insufficient Transmission Resources,309,296,-0.021487602950618134
3G PS Call Setup Success Rate,1306,1249,-0.02230919756434756
SDH/SONET LP Trace Identifier Mismatch,3768,3598,-0.02307901164393292
Subrack Type and Configuration Mismatch,143,136,-0.025089604835498037
Cell Capability Degraded,117,111,-0.026315788319482968
Air Cond Alarm,34,32,-0.03030302571166277
Board Type and Configuration Mismatch,453,424,-0.03306727442340622
Cell Unavailable,22231,20781,-0.03371152235801369
Rectifier Fault,1183,1103,-0.03499562539371992
Inter-System BBU Board Parameter Settings Conflict,14,13,-0.03703702331962099
High temperature,28,26,-0.03703703017832774
RF Unit DC Input Power Failure,3726,3445,-0.03918560864707069
RF Unit TX Channel Gain Out of Range,51,47,-0.04081632236568139
GSM Cell Manually Blocked,139,128,-0.041198500329644186
BBU CPRI Line Rate Negotiation Abnormal,62,57,-0.04201680319186528
Board Software Auto-Supply Failure,12,11,-0.043478241965981754
3G DL Packet Loss Rate,36,33,-0.0434782545683689
TCU Fault Alarm Port (HAU/fan/TEC fault),153,140,-0.044368599168307196
Monitoring Device Maintenance Link Failure,351,321,-0.044642856478528926
Inter-System Communication Failure,31,28,-0.05084744900890695
Board Configuration Error,89,80,-0.0532544347186725
OML Fault,9125,8162,-0.055706600303287675
GNSS Antenna Fault,82,73,-0.05806451238293468
RF Unit Optical Module or Electrical Port Not Ready,9,8,-0.058823494809708936
GSM Local Cell Capability Decline,339,301,-0.05937499907226564
ESL Link Fault,8783,7756,-0.06209565266213456
GNSS Locked Satellites Insufficient,25,22,-0.06382977365323965
3G Silent Ratio,847,745,-0.06407035135634201
RF Unit RX Channel RTWP/RSSI Too Low,70,61,-0.06870228483188666
AC Surge Protector Fault,64,55,-0.0756302457453575
Failure in Locking System Clock Source,7,6,-0.07692301775152481
Inter-System Cabinet Configuration Conflict,155,132,-0.08013937002998711
GSM Local Cell Unusable,1661,1413,-0.08067664254822171
SGsAP Destination IP Address Inaccessible,18,15,-0.09090906336088989
Cell Output Power too Low,24,20,-0.09090907024793857
NodeB Unavailable,14202,11686,-0.09718788624181555
M3UA Destination Entity Route Unavailable,118,96,-0.10280373351384423
Board Software Program Error,83,67,-0.10666665955555603
Remote Maintenance Link Running Data and Configuration Mismatch,9,7,-0.12499992187504883
RF Out of Service,13,10,-0.13043472589794528
temperature haute switch,4,3,-0.14285693877580175
Cell Configuration Abnormal,4,3,-0.14285693877580175
RET Antenna Running Data and Configuration Mismatch,4,3,-0.14285693877580175
Current System Clock Reference Source Status Abnormal,12,9,-0.14285707482996438
Configuration Data Inconsistency,176,132,-0.1428571382189241
CSL Fault,2875,1966,-0.18777112128119994
M3UA Destination IP Address Inaccessible,3,2,-0.19999960000080003
Backup Data Packages Do Not Exist,3,2,-0.19999960000080003
Power Input to Monitoring Device Abnormal,3,2,-0.19999960000080003
Remote Maintenance Link Failure,9,6,-0.19999986666675557
Configuration Specification Exceed Limit,8,5,-0.23076905325457442
IP Link Performance Measurement Fault,493,299,-0.24494949185669834
NR Cell Unavailable,22,13,-0.25714278367349036
System Dynamic Traffic Exceeding Licensed Limit,47,27,-0.2702702337472657
Board Overload,2,1,-0.3333322222259259
M3UA Signaling Link Congestion,2,1,-0.3333322222259259
"An OSS User Is Added to the Administrators, SMManagers, or Subdomain Security Administrator Group",2,1,-0.3333322222259259
Frequency Separation Configuration Mismatch,2,1,-0.3333322222259259
RF Unit Software Program Error,10,5,-0.3333331111112593
Board Software Synchronization Failure,12,6,-0.33333314814825105
Cell RX Channel Interference Noise Power Unbalanced,28,12,-0.39999990000002494
Time Synchronization Failure,12,4,-0.4999996875001953
Product Application Scheduled Backup Failure,1,0,-0.9999900000999989
Configuration Inconsistency Between Controller and CN,1,0,-0.9999900000999989
FR NS-VC Link Fault,1,0,-0.9999900000999989
